Type,Days for shipping (real),Days for shipment (scheduled),Benefit per order,Sales per customer,Delivery Status,Late_delivery_risk,Category Id,Category Name,Customer City,Customer Country,Customer Id,Customer Segment,Customer State,Department Id,Department Name,Market,Order City,Order Country,Order Customer Id,order date (DateOrders),Order Id,Order Item Cardprod Id,Order Item Discount,Order Item Discount Rate,Order Item Id,Order Item Product Price,Order Item Profit Ratio,Order Item Quantity,Sales,Order Item Total,Order Profit Per Order,Order Region,Order State,Order Status,Product Card Id,Product Category Id,Product Description,Product Image,Product Name,Product Price,Product Status,shipping date (DateOrders),Shipping Mode
PAYMENT,3,4,59.04000092,236.1600037,Advance shipping,0,46,Indoor/Outdoor Games,Wheeling,EE. UU.,5126,Consumer,WV,7,Fan Shop,LATAM,Tegucigalpa,Honduras,5126,1/1/2015 17:52,52,1014,13.73999977,0.059999999,128,49.97999954,0.25,5,249.8999939,236.1600037,59.04000092,Central America,Francisco Morazán,PENDING_PAYMENT,1014,46,,http://images.acmesports.sports/O%27Brien+Men%27s+Neoprene+Life+Vest,O'Brien Men's Neoprene Life Vest,49.97999954,0,1/4/2015 17:52,Standard Class
DEBIT,2,4,80.90000153,278.980011,Advance shipping,0,43,Camping & Hiking,Anaheim,EE. UU.,4518,Home Office,CA,7,Fan Shop,Pacific Asia,Sydney,Australia,4518,1/1/2016 7:22,25026,957,21.0,0.07,62716,299.980011,0.289999992,1,299.980011,278.980011,80.90000153,Oceania,Nueva Gales del Sur,ON_HOLD,957,43,,http://images.acmesports.sports/Diamondback+Women%27s+Serene+Classic+Comfort+Bike+2014,Diamondback Women's Serene Classic Comfort Bi,299.980011,0,1/3/2016 7:22,Standard Class
DEBIT,3,4,126.2300034,479.9500122,Advance shipping,0,9,Cardio Equipment,Sacramento,EE. UU.,11375,Corporate,CA,3,Footwear,Europe,Arkhangelsk,Rusia,11375,1/1/2017 3:21,50087,191,20.0,0.039999999,125216,99.98999786,0.25999999,5,499.9500122,479.9500122,126.2300034,Eastern Europe,Arjánguelsk,COMPLETE,191,9,,http://images.acmesports.sports/Nike+Men%27s+Free+5.0%2B+Running+Shoe,Nike Men's Free 5.0+ Running Shoe,99.98999786,0,1/4/2017 3:21,Standard Class
TRANSFER,5,4,-122.7099991,159.9900055,Late delivery,1,48,Water Sports,Miami,EE. UU.,11128,Consumer,FL,7,Fan Shop,Pacific Asia,Riyadh,Arabia Saudí,11128,1/10/2017 14:01,50734,1073,40.0,0.200000003,126791,199.9900055,-0.769999981,1,199.9900055,159.9900055,-122.7099991,West Asia,Riad,PROCESSING,1073,48,,http://images.acmesports.sports/Pelican+Sunstream+100+Kayak,Pelican Sunstream 100 Kayak,199.9900055,0,1/15/2017 14:01,Standard Class
PAYMENT,2,1,16.20000076,45.0,Late delivery,1,24,Women's Apparel,Hesperia,EE. UU.,4688,Corporate,CA,5,Golf,LATAM,Puebla,México,4688,1/11/2015 8:44,711,502,5.0,0.100000001,1755,50.0,0.360000014,1,50.0,45.0,16.20000076,Central America,Puebla,PENDING_PAYMENT,502,24,,http://images.acmesports.sports/Nike+Men%27s+Dri-FIT+Victory+Golf+Polo,Nike Men's Dri-FIT Victory Golf Polo,50.0,0,1/13/2015 8:44,First Class
DEBIT,4,4,-111.9899979,159.9900055,Shipping on time,0,48,Water Sports,Jamaica,EE. UU.,5803,Corporate,NY,7,Fan Shop,Pacific Asia,Palembang,Indonesia,5803,1/11/2016 13:18,25728,1073,40.0,0.200000003,64433,199.9900055,-0.699999988,1,199.9900055,159.9900055,-111.9899979,Southeast Asia,Sumatra Meridional,COMPLETE,1073,48,,http://images.acmesports.sports/Pelican+Sunstream+100+Kayak,Pelican Sunstream 100 Kayak,199.9900055,0,1/15/2016 13:18,Standard Class
CASH,5,2,70.98000336,272.980011,Late delivery,1,43,Camping & Hiking,Germantown,EE. UU.,10263,Consumer,MD,7,Fan Shop,Pacific Asia,Manila,Filipinas,10263,1/12/2016 1:55,25764,957,27.0,0.090000004,64512,299.980011,0.25999999,1,299.980011,272.980011,70.98000336,Southeast Asia,Capital Nacional,CLOSED,957,43,,http://images.acmesports.sports/Diamondback+Women%27s+Serene+Classic+Comfort+Bike+2014,Diamondback Women's Serene Classic Comfort Bi,299.980011,0,1/17/2016 1:55,Second Class
TRANSFER,2,1,-32.0,399.980011,Late delivery,1,45,Fishing,Caguas,Puerto Rico,12285,Consumer,PR,7,Fan Shop,Europe,Zlatoust,Rusia,12285,1/12/2017 11:13,50863,1004,0.0,0.0,127133,399.980011,-0.079999998,1,399.980011,399.980011,-32.0,Eastern Europe,Cheliábinsk,PENDING,1004,45,,http://images.acmesports.sports/Field+%26+Stream+Sportsman+16+Gun+Fire+Safe,Field & Stream Sportsman 16 Gun Fire Safe,399.980011,0,1/14/2017 11:13,First Class
DEBIT,4,4,25.5,254.9799957,Shipping on time,0,43,Camping & Hiking,Caguas,Puerto Rico,11653,Consumer,PR,7,Fan Shop,Europe,Panevezys,Lituania,11653,1/12/2017 5:58,50848,957,45.0,0.150000006,127093,299.980011,0.100000001,1,299.980011,254.9799957,25.5,Northern Europe,Panevezys,ON_HOLD,957,43,,http://images.acmesports.sports/Diamondback+Women%27s+Serene+Classic+Comfort+Bike+2014,Diamondback Women's Serene Classic Comfort Bi,299.980011,0,1/16/2017 5:58,Standard Class
DEBIT,5,4,-59.97999954,39.97999954,Late delivery,1,46,Indoor/Outdoor Games,Phoenix,EE. UU.,4909,Consumer,AZ,7,Fan Shop,LATAM,Huehuetenango,Guatemala,4909,1/13/2015 21:21,884,1014,10.0,0.200000003,2210,49.97999954,-1.5,1,49.97999954,39.97999954,-59.97999954,Central America,Huehuetenango,COMPLETE,1014,46,,http://images.acmesports.sports/O%27Brien+Men%27s+Neoprene+Life+Vest,O'Brien Men's Neoprene Life Vest,49.97999954,0,1/18/2015 21:21,Standard Class
DEBIT,6,4,10.09000015,126.0899963,Late delivery,1,18,Men's Footwear,Caguas,Puerto Rico,12382,Consumer,PR,4,Apparel,Pacific Asia,Ho Chi Minh City,Vietnam,12382,1/13/2016 1:02,25830,403,3.900000095,0.029999999,64662,129.9900055,0.079999998,1,129.9900055,126.0899963,10.09000015,Southeast Asia,Ciudad Ho Chi Minh,COMPLETE,403,18,,http://images.acmesports.sports/Nike+Men%27s+CJ+Elite+2+TD+Football+Cleat,Nike Men's CJ Elite 2 TD Football Cleat,129.9900055,0,1/19/2016 1:02,Standard Class
DEBIT,5,2,26.52000046,54.11999893,Late delivery,1,7,Hockey,Caguas,Puerto Rico,10890,Consumer,PR,2,Fitness,LATAM,Zapopan,México,10890,1/14/2015 9:36,919,135,11.88000011,0.180000007,2293,22.0,0.49000001,3,66.0,54.11999893,26.52000046,Central America,Jalisco,COMPLETE,135,7,,http://images.acmesports.sports/Nike+Dri-FIT+Crew+Sock+6+Pack,Nike Dri-FIT Crew Sock 6 Pack,22.0,0,1/19/2015 9:36,Second Class
TRANSFER,1,0,79.94000244,245.9799957,Late delivery,1,43,Camping & Hiking,Hilliard,EE. UU.,5445,Consumer,OH,7,Fan Shop,Africa,Kano,Nigeria,5445,1/14/2017 20:40,51027,957,54.0,0.180000007,127529,299.980011,0.330000013,1,299.980011,245.9799957,79.94000244,West Africa,Kano,PROCESSING,957,43,,http://images.acmesports.sports/Diamondback+Women%27s+Serene+Classic+Comfort+Bike+2014,Diamondback Women's Serene Classic Comfort Bi,299.980011,0,1/15/2017 8:40,Same Day
DEBIT,3,2,45.0,359.980011,Late delivery,1,45,Fishing,Philadelphia,EE. UU.,10250,Consumer,PA,7,Fan Shop,Pacific Asia,Estambul,Turquía,10250,1/14/2017 22:25,51032,1004,40.0,0.100000001,127543,399.980011,0.129999995,1,399.980011,359.980011,45.0,West Asia,Estambul,COMPLETE,1004,45,,http://images.acmesports.sports/Field+%26+Stream+Sportsman+16+Gun+Fire+Safe,Field & Stream Sportsman 16 Gun Fire Safe,399.980011,0,1/17/2017 22:25,Second Class
PAYMENT,4,4,3.980000019,10.96000004,Shipping on time,0,74,Toys,Caguas,Puerto Rico,19571,Home Office,PR,7,Fan Shop,Pacific Asia,Bilaspur,India,19571,1/14/2018 16:08,76018,1361,0.579999983,0.050000001,179333,11.53999996,0.360000014,1,11.53999996,10.96000004,3.980000019,South Asia,Uttar Pradesh,PAYMENT_REVIEW,1361,74,,http://images.acmesports.sports/Toys ,Toys ,11.53999996,0,1/18/2018 16:08,Standard Class
PAYMENT,6,2,-170.6100006,232.7599945,Late delivery,1,17,Cleats,Lancaster,EE. UU.,9990,Consumer,CA,4,Apparel,LATAM,Jurema,Brasil,9990,1/16/2015 5:45,1045,365,7.199999809,0.029999999,2606,59.99000168,-0.730000019,4,239.9600067,232.7599945,-170.6100006,South America,Pernambuco,PENDING_PAYMENT,365,17,,http://images.acmesports.sports/Perfect+Fitness+Perfect+Rip+Deck,Perfect Fitness Perfect Rip Deck,59.99000168,0,1/22/2015 5:45,Second Class
TRANSFER,1,0,115.9899979,399.980011,Late delivery,1,45,Fishing,Caguas,Puerto Rico,8555,Consumer,PR,7,Fan Shop,Europe,Galati,Rumania,8555,1/17/2017 17:20,51223,1004,0.0,0.0,127996,399.980011,0.289999992,1,399.980011,399.980011,115.9899979,Eastern Europe,Galati,PENDING,1004,45,,http://images.acmesports.sports/Field+%26+Stream+Sportsman+16+Gun+Fire+Safe,Field & Stream Sportsman 16 Gun Fire Safe,399.980011,0,1/18/2017 5:20,Same Day
TRANSFER,4,2,63.95000076,130.5,Late delivery,1,24,Women's Apparel,Hialeah,EE. UU.,161,Corporate,FL,5,Golf,Pacific Asia,Jizzakh,Uzbekistán,161,1/17/2017 20:51,51233,502,19.5,0.129999995,128027,50.0,0.49000001,3,150.0,130.5,63.95000076,Central Asia,Jizzakh,PROCESSING,502,24,,http://images.acmesports.sports/Nike+Men%27s+Dri-FIT+Victory+Golf+Polo,Nike Men's Dri-FIT Victory Golf Polo,50.0,0,1/21/2017 20:51,Second Class
TRANSFER,2,2,75.33999634,163.7700043,Shipping on time,0,17,Cleats,Richmond,EE. UU.,396,Consumer,TX,4,Apparel,Pacific Asia,Kars,Turquía,396,1/17/2017 6:08,51191,365,16.20000076,0.090000004,127932,59.99000168,0.460000008,3,179.9700012,163.7700043,75.33999634,West Asia,Kars,PROCESSING,365,17,,http://images.acmesports.sports/Perfect+Fitness+Perfect+Rip+Deck,Perfect Fitness Perfect Rip Deck,59.99000168,0,1/19/2017 6:08,Second Class
PAYMENT,2,1,50.66999817,175.9299927,Late delivery,1,46,Indoor/Outdoor Games,Fremont,EE. UU.,553,Consumer,CA,7,Fan Shop,LATAM,Vacaria,Brasil,553,1/19/2015 23:05,1300,1014,23.98999977,0.119999997,3224,49.97999954,0.289999992,4,199.9199982,175.9299927,50.66999817,South America,Rio Grande do Sul,PENDING_PAYMENT,1014,46,,http://images.acmesports.sports/O%27Brien+Men%27s+Neoprene+Life+Vest,O'Brien Men's Neoprene Life Vest,49.97999954,0,1/21/2015 23:05,First Class
TRANSFER,5,2,-183.3500061,118.2900009,Late delivery,1,18,Men's Footwear,Aurora,EE. UU.,897,Consumer,IL,4,Apparel,Pacific Asia,Jixi,China,897,1/19/2016 2:05,26244,403,11.69999981,0.090000004,65694,129.9900055,-1.549999952,1,129.9900055,118.2900009,-183.3500061,Eastern Asia,Heilongjiang,PROCESSING,403,18,,http://images.acmesports.sports/Nike+Men%27s+CJ+Elite+2+TD+Football+Cleat,Nike Men's CJ Elite 2 TD Football Cleat,129.9900055,0,1/24/2016 2:05,Second Class
DEBIT,5,4,30.79000092,98.37999725,Late delivery,1,17,Cleats,Caguas,Puerto Rico,4863,Corporate,PR,4,Apparel,Pacific Asia,Xi'an,China,4863,1/19/2016 9:05,26264,365,21.60000038,0.180000007,65751,59.99000168,0.310000002,2,119.9800034,98.37999725,30.79000092,Eastern Asia,Shaanxi,COMPLETE,365,17,,http://images.acmesports.sports/Perfect+Fitness+Perfect+Rip+Deck,Perfect Fitness Perfect Rip Deck,59.99000168,0,1/24/2016 9:05,Standard Class
DEBIT,6,4,-166.2799988,100.7699966,Late delivery,1,29,Shop By Sport,Caguas,Puerto Rico,9223,Consumer,PR,5,Golf,LATAM,San Pedro Sula,Honduras,9223,1/20/2015 23:37,1370,627,19.20000076,0.159999996,3388,39.99000168,-1.649999976,3,119.9700012,100.7699966,-166.2799988,Central America,Cortés,COMPLETE,627,29,,http://images.acmesports.sports/Under+Armour+Girls%27+Toddler+Spine+Surge+Running+Shoe,Under Armour Girls' Toddler Spine Surge Runni,39.99000168,0,1/26/2015 23:37,Standard Class
PAYMENT,4,4,-43.18999863,107.9700012,Shipping on time,0,29,Shop By Sport,Atlanta,EE. UU.,4421,Corporate,GA,5,Golf,LATAM,Choloma,Honduras,4421,1/20/2017 20:40,51438,627,12.0,0.100000001,128563,39.99000168,-0.400000006,3,119.9700012,107.9700012,-43.18999863,Central America,Cortés,PENDING_PAYMENT,627,29,,http://images.acmesports.sports/Under+Armour+Girls%27+Toddler+Spine+Surge+Running+Shoe,Under Armour Girls' Toddler Spine Surge Runni,39.99000168,0,1/24/2017 20:40,Standard Class
PAYMENT,4,4,-45.24000168,113.0899963,Shipping on time,0,18,Men's Footwear,Atlanta,EE. UU.,4421,Corporate,GA,4,Apparel,LATAM,Choloma,Honduras,4421,1/20/2017 20:40,51438,403,16.89999962,0.129999995,128564,129.9900055,-0.400000006,1,129.9900055,113.0899963,-45.24000168,Central America,Cortés,PENDING_PAYMENT,403,18,,http://images.acmesports.sports/Nike+Men%27s+CJ+Elite+2+TD+Football+Cleat,Nike Men's CJ Elite 2 TD Football Cleat,129.9900055,0,1/24/2017 20:40,Standard Class
DEBIT,6,2,26.10000038,208.7700043,Late delivery,1,17,Cleats,Plainfield,EE. UU.,478,Corporate,IL,4,Apparel,LATAM,Orizaba,México,478,1/21/2015 10:07,1400,365,31.19000053,0.129999995,3466,59.99000168,0.129999995,4,239.9600067,208.7700043,26.10000038,Central America,Veracruz,COMPLETE,365,17,,http://images.acmesports.sports/Perfect+Fitness+Perfect+Rip+Deck,Perfect Fitness Perfect Rip Deck,59.99000168,0,1/27/2015 10:07,Second Class
PAYMENT,4,2,60.22999954,165.9299927,Late delivery,1,46,Indoor/Outdoor Games,Chino,EE. UU.,11718,Consumer,CA,7,Fan Shop,LATAM,Guadalajara,México,11718,1/21/2017 15:56,51493,1014,33.99000168,0.170000002,128687,49.97999954,0.360000014,4,199.9199982,165.9299927,60.22999954,Central America,Jalisco,PENDING_PAYMENT,1014,46,,http://images.acmesports.sports/O%27Brien+Men%27s+Neoprene+Life+Vest,O'Brien Men's Neoprene Life Vest,49.97999954,0,1/25/2017 15:56,Second Class
CASH,4,4,-75.04000092,179.9600067,Shipping on time,0,29,Shop By Sport,Chicago,EE. UU.,2974,Corporate,IL,5,Golf,LATAM,Santo Domingo,República Dominicana,2974,1/21/2017 21:11,51508,627,20.0,0.100000001,128728,39.99000168,-0.419999987,5,199.9499969,179.9600067,-75.04000092,Caribbean,Santo Domingo,CLOSED,627,29,,http://images.acmesports.sports/Under+Armour+Girls%27+Toddler+Spine+Surge+Running+Shoe,Under Armour Girls' Toddler Spine Surge Runni,39.99000168,0,1/25/2017 21:11,Standard Class
DEBIT,2,1,12.69999981,34.97999954,Late delivery,1,75,Video Games,Costa Mesa,EE. UU.,20089,Home Office,CA,9,Discs Shop,Pacific Asia,Dewas,India,20089,1/22/2018 5:37,76536,1362,4.769999981,0.119999997,179851,39.75,0.360000014,1,39.75,34.97999954,12.69999981,South Asia,Madhya Pradesh,COMPLETE,1362,75,,http://images.acmesports.sports/Fighting+video+games,Fighting video games,39.75,0,1/24/2018 5:37,First Class
DEBIT,3,2,-55.15000153,144.0,Late delivery,1,24,Women's Apparel,Pasadena,EE. UU.,12159,Consumer,MD,5,Golf,LATAM,Maturín,Venezuela,12159,1/24/2017 1:23,51657,502,6.0,0.039999999,129072,50.0,-0.379999995,3,150.0,144.0,-55.15000153,South America,Monagas,COMPLETE,502,24,,http://images.acmesports.sports/Nike+Men%27s+Dri-FIT+Victory+Golf+Polo,Nike Men's Dri-FIT Victory Golf Polo,50.0,0,1/27/2017 1:23,Second Class
DEBIT,2,4,85.25,293.980011,Advance shipping,0,43,Camping & Hiking,Caguas,Puerto Rico,1606,Corporate,PR,7,Fan Shop,LATAM,Fort-de-France,Martinica,1606,1/24/2017 20:18,51711,957,6.0,0.02,129205,299.980011,0.289999992,1,299.980011,293.980011,85.25,Caribbean,Martinica,COMPLETE,957,43,,http://images.acmesports.sports/Diamondback+Women%27s+Serene+Classic+Comfort+Bike+2014,Diamondback Women's Serene Classic Comfort Bi,299.980011,0,1/26/2017 20:18,Standard Class
DEBIT,2,4,8.960000038,31.98999977,Advance shipping,0,29,Shop By Sport,Pompano Beach,EE. UU.,8622,Corporate,FL,5,Golf,LATAM,Consolación del Sur,Cuba,8622,1/26/2015 9:35,1741,627,8.0,0.200000003,4343,39.99000168,0.280000001,1,39.99000168,31.98999977,8.960000038,Caribbean,Pinar del Río,COMPLETE,627,29,,http://images.acmesports.sports/Under+Armour+Girls%27+Toddler+Spine+Surge+Running+Shoe,Under Armour Girls' Toddler Spine Surge Runni,39.99000168,0,1/28/2015 9:35,Standard Class
CASH,2,4,34.40000153,122.8399963,Advance shipping,0,18,Men's Footwear,Sacramento,EE. UU.,9480,Consumer,CA,4,Apparel,Pacific Asia,Ajmer,India,9480,1/26/2016 1:12,26721,403,7.150000095,0.059999999,66923,129.9900055,0.280000001,1,129.9900055,122.8399963,34.40000153,South Asia,Rajastán,CLOSED,403,18,,http://images.acmesports.sports/Nike+Men%27s+CJ+Elite+2+TD+Football+Cleat,Nike Men's CJ Elite 2 TD Football Cleat,129.9900055,0,1/28/2016 1:12,Standard Class
TRANSFER,3,4,12.59000015,167.9299927,Advance shipping,0,46,Indoor/Outdoor Games,East Brunswick,EE. UU.,6951,Corporate,NJ,7,Fan Shop,Pacific Asia,Ajmer,India,6951,1/26/2016 1:33,26722,1014,31.98999977,0.159999996,66924,49.97999954,0.079999998,4,199.9199982,167.9299927,12.59000015,South Asia,Rajastán,PENDING,1014,46,,http://images.acmesports.sports/O%27Brien+Men%27s+Neoprene+Life+Vest,O'Brien Men's Neoprene Life Vest,49.97999954,0,1/29/2016 1:33,Standard Class
CASH,2,1,66.30000305,254.9799957,Late delivery,1,43,Camping & Hiking,Caguas,Puerto Rico,238,Corporate,PR,7,Fan Shop,Pacific Asia,Shenyang,China,238,1/26/2016 22:13,26781,957,45.0,0.150000006,67099,299.980011,0.25999999,1,299.980011,254.9799957,66.30000305,Eastern Asia,Liaoning,CLOSED,957,43,,http://images.acmesports.sports/Diamondback+Women%27s+Serene+Classic+Comfort+Bike+2014,Diamondback Women's Serene Classic Comfort Bi,299.980011,0,1/28/2016 22:13,First Class
PAYMENT,3,4,44.63999939,371.980011,Advance shipping,0,45,Fishing,Caguas,Puerto Rico,4929,Consumer,PR,7,Fan Shop,LATAM,León,México,4929,1/27/2017 16:59,51907,1004,28.0,0.07,129699,399.980011,0.119999997,1,399.980011,371.980011,44.63999939,Central America,Guanajuato,PENDING_PAYMENT,1004,45,,http://images.acmesports.sports/Field+%26+Stream+Sportsman+16+Gun+Fire+Safe,Field & Stream Sportsman 16 Gun Fire Safe,399.980011,0,1/30/2017 16:59,Standard Class
PAYMENT,6,4,85.54000092,181.9900055,Late delivery,1,48,Water Sports,Fremont,EE. UU.,2712,Consumer,CA,7,Fan Shop,LATAM,Mérida,México,2712,1/28/2015 12:02,1885,1073,18.0,0.090000004,4721,199.9900055,0.469999999,1,199.9900055,181.9900055,85.54000092,Central America,Yucatán,PENDING_PAYMENT,1073,48,,http://images.acmesports.sports/Pelican+Sunstream+100+Kayak,Pelican Sunstream 100 Kayak,199.9900055,0,2/3/2015 12:02,Standard Class
CASH,2,2,2.660000086,106.5899963,Shipping on time,0,18,Men's Footwear,Norfolk,EE. UU.,37,Consumer,VA,4,Apparel,LATAM,Itapevi,Brasil,37,1/28/2015 15:54,1896,403,23.39999962,0.180000007,4739,129.9900055,0.029999999,1,129.9900055,106.5899963,2.660000086,South America,São Paulo,CLOSED,403,18,,http://images.acmesports.sports/Nike+Men%27s+CJ+Elite+2+TD+Football+Cleat,Nike Men's CJ Elite 2 TD Football Cleat,129.9900055,0,1/30/2015 15:54,Second Class
TRANSFER,2,4,48.13999939,165.9799957,Advance shipping,0,9,Cardio Equipment,Chicago,EE. UU.,5922,Home Office,IL,3,Footwear,LATAM,Managua,Nicaragua,5922,1/29/2015 21:40,1981,191,34.0,0.170000002,4953,99.98999786,0.289999992,2,199.9799957,165.9799957,48.13999939,Central America,Managua,PENDING,191,9,,http://images.acmesports.sports/Nike+Men%27s+Free+5.0%2B+Running+Shoe,Nike Men's Free 5.0+ Running Shoe,99.98999786,0,1/31/2015 21:40,Standard Class
PAYMENT,6,4,19.20999908,169.9900055,Late delivery,1,48,Water Sports,Caguas,Puerto Rico,1560,Consumer,PR,7,Fan Shop,Europe,Salzburgo,Austria,1560,1/3/2017 1:57,50220,1073,30.0,0.150000006,125521,199.9900055,0.109999999,1,199.9900055,169.9900055,19.20999908,Western Europe,Salzburgo,PENDING_PAYMENT,1073,48,,http://images.acmesports.sports/Pelican+Sunstream+100+Kayak,Pelican Sunstream 100 Kayak,199.9900055,0,1/9/2017 1:57,Standard Class
TRANSFER,2,4,53.75999832,114.3899994,Advance shipping,0,18,Men's Footwear,Caguas,Puerto Rico,9248,Consumer,PR,4,Apparel,Pacific Asia,Taizz,Yemen,9248,1/3/2017 4:03,50226,403,15.60000038,0.119999997,125534,129.9900055,0.469999999,1,129.9900055,114.3899994,53.75999832,West Asia,Taiz,PENDING,403,18,,http://images.acmesports.sports/Nike+Men%27s+CJ+Elite+2+TD+Football+Cleat,Nike Men's CJ Elite 2 TD Football Cleat,129.9900055,0,1/5/2017 4:03,Standard Class
CASH,2,4,84.98000336,293.0400085,Advance shipping,0,69,Health and Beauty,Ontario,EE. UU.,18774,Corporate,CA,12,Health and Beauty ,Pacific Asia,Shanghái,China,18774,1/3/2018 0:54,75221,1356,0.0,0.0,178536,293.0400085,0.289999992,1,293.0400085,293.0400085,84.98000336,Eastern Asia,Shanghái,CLOSED,1356,69,,http://images.acmesports.sports/First+aid+kit,First aid kit,293.0400085,0,1/5/2018 0:54,Standard Class
DEBIT,0,0,16.19000053,161.8699951,Shipping on time,0,76,Women's Clothing,Pomona,EE. UU.,20645,Consumer,CA,4,Apparel,Pacific Asia,Foshan,China,20645,1/30/2018 8:24,77092,1363,53.95999908,0.25,180407,215.8200073,0.100000001,1,215.8200073,161.8699951,16.19000053,Eastern Asia,Guangdong,COMPLETE,1363,76,,http://images.acmesports.sports/Summer+dresses,Summer dresses,215.8200073,0,1/30/2018 20:24,Same Day
PAYMENT,2,2,178.5399933,371.9599915,Shipping on time,0,9,Cardio Equipment,Corona,EE. UU.,5305,Home Office,CA,3,Footwear,LATAM,São Paulo,Brasil,5305,1/31/2015 17:28,2106,191,28.0,0.07,5268,99.98999786,0.479999989,4,399.9599915,371.9599915,178.5399933,South America,São Paulo,PENDING_PAYMENT,191,9,,http://images.acmesports.sports/Nike+Men%27s+Free+5.0%2B+Running+Shoe,Nike Men's Free 5.0+ Running Shoe,99.98999786,0,2/2/2015 17:28,Second Class
TRANSFER,1,0,29.87999916,359.980011,Late delivery,1,45,Fishing,Chicago,EE. UU.,11983,Consumer,IL,7,Fan Shop,Pacific Asia,Rizhao,China,11983,1/31/2016 21:20,27121,1004,40.0,0.100000001,67948,399.980011,0.079999998,1,399.980011,359.980011,29.87999916,Eastern Asia,Shandong,PENDING,1004,45,,http://images.acmesports.sports/Field+%26+Stream+Sportsman+16+Gun+Fire+Safe,Field & Stream Sportsman 16 Gun Fire Safe,399.980011,0,2/1/2016 9:20,Same Day
TRANSFER,5,4,68.40000153,142.5,Late delivery,1,24,Women's Apparel,Jackson Heights,EE. UU.,618,Corporate,NY,5,Golf,LATAM,Masaya,Nicaragua,618,1/4/2015 7:52,229,502,7.5,0.050000001,564,50.0,0.479999989,3,150.0,142.5,68.40000153,Central America,Masaya,PENDING,502,24,,http://images.acmesports.sports/Nike+Men%27s+Dri-FIT+Victory+Golf+Polo,Nike Men's Dri-FIT Victory Golf Polo,50.0,0,1/9/2015 7:52,Standard Class
PAYMENT,2,4,49.58000183,170.9700012,Advance shipping,0,17,Cleats,Caguas,Puerto Rico,2381,Home Office,PR,4,Apparel,Pacific Asia,Matsubara,Japón,2381,1/5/2016 12:58,25316,365,9.0,0.050000001,63418,59.99000168,0.289999992,3,179.9700012,170.9700012,49.58000183,Eastern Asia,Oita,PENDING_PAYMENT,365,17,,http://images.acmesports.sports/Perfect+Fitness+Perfect+Rip+Deck,Perfect Fitness Perfect Rip Deck,59.99000168,0,1/7/2016 12:58,Standard Class
PAYMENT,5,2,9.170000076,56.27999878,Late delivery,1,41,Trade-In,Caguas,Puerto Rico,6020,Consumer,PR,6,Outdoors,LATAM,Lima,Perú,6020,1/6/2015 5:25,359,924,7.679999828,0.119999997,894,15.98999977,0.159999996,4,63.95999908,56.27999878,9.170000076,South America,Lima (ciudad),PENDING_PAYMENT,924,41,,http://images.acmesports.sports/Glove+It+Urban+Brick+Golf+Towel,Glove It Urban Brick Golf Towel,15.98999977,0,1/11/2015 5:25,Second Class
TRANSFER,6,2,-295.1900024,163.9900055,Late delivery,1,48,Water Sports,Caguas,Puerto Rico,8409,Corporate,PR,7,Fan Shop,Pacific Asia,Manila,Filipinas,8409,1/6/2016 23:39,25415,1073,36.0,0.180000007,63661,199.9900055,-1.799999952,1,199.9900055,163.9900055,-295.1900024,Southeast Asia,Capital Nacional,PROCESSING,1073,48,,http://images.acmesports.sports/Pelican+Sunstream+100+Kayak,Pelican Sunstream 100 Kayak,199.9900055,0,1/12/2016 23:39,Second Class
TRANSFER,2,1,56.8199997,120.8899994,Shipping canceled,0,18,Men's Footwear,Gardena,EE. UU.,7128,Consumer,CA,4,Apparel,Pacific Asia,Taizz,Yemen,7128,1/6/2017 22:26,50484,403,9.100000381,0.07,126140,129.9900055,0.469999999,1,129.9900055,120.8899994,56.8199997,West Asia,Taiz,SUSPECTED_FRAUD,403,18,,http://images.acmesports.sports/Nike+Men%27s+CJ+Elite+2+TD+Football+Cleat,Nike Men's CJ Elite 2 TD Football Cleat,129.9900055,0,1/8/2017 22:26,First Class
PAYMENT,3,4,25.54000092,255.4400024,Advance shipping,0,71,Music,Washington,EE. UU.,19000,Consumer,DC,9,Discs Shop,Pacific Asia,Nom Pen,Camboya,19000,1/6/2018 8:05,75447,1358,5.210000038,0.02,178762,260.6499939,0.100000001,1,260.6499939,255.4400024,25.54000092,Southeast Asia,Nom Pen,PENDING_PAYMENT,1358,71,,http://images.acmesports.sports/Rock+music,Rock music,260.6499939,0,1/9/2018 8:05,Standard Class
TRANSFER,5,2,-208.8899994,83.55999756,Late delivery,1,72,Pet Supplies,Garland,EE. UU.,19052,Corporate,TX,11,Pet Shop,Pacific Asia,Melbourne,Australia,19052,1/7/2018 2:18,75499,1359,0.839999974,0.01,178814,84.40000153,-2.5,1,84.40000153,83.55999756,-208.8899994,Oceania,Victoria,PROCESSING,1359,72,,http://images.acmesports.sports/Adult+dog+supplies,Adult dog supplies,84.40000153,0,1/12/2018 2:18,Second Class
DEBIT,2,4,38.43999863,118.2900009,Advance shipping,0,18,Men's Footwear,Vista,EE. UU.,9981,Corporate,CA,4,Apparel,LATAM,São Paulo,Brasil,9981,1/8/2015 19:26,536,403,11.69999981,0.090000004,1331,129.9900055,0.330000013,1,129.9900055,118.2900009,38.43999863,South America,São Paulo,ON_HOLD,403,18,,http://images.acmesports.sports/Nike+Men%27s+CJ+Elite+2+TD+Football+Cleat,Nike Men's CJ Elite 2 TD Football Cleat,129.9900055,0,1/10/2015 19:26,Standard Class
PAYMENT,0,0,3.819999933,50.99000168,Shipping on time,0,17,Cleats,Alpharetta,EE. UU.,10865,Consumer,GA,4,Apparel,Pacific Asia,Ho Chi Minh City,Vietnam,10865,1/9/2016 1:03,25556,365,9.0,0.150000006,64015,59.99000168,0.079999998,1,59.99000168,50.99000168,3.819999933,Southeast Asia,Ciudad Ho Chi Minh,PENDING_PAYMENT,365,17,,http://images.acmesports.sports/Perfect+Fitness+Perfect+Rip+Deck,Perfect Fitness Perfect Rip Deck,59.99000168,0,1/9/2016 13:03,Same Day
TRANSFER,6,4,318.5,909.9899902,Late delivery,1,4,Basketball,Caguas,Puerto Rico,4089,Corporate,PR,2,Fitness,Europe,Calais,Francia,4089,10/1/2017 0:20,68780,60,90.0,0.090000004,171965,999.9899902,0.349999994,1,999.9899902,909.9899902,318.5,Western Europe,Norte-Paso de Calais-Picardía,PROCESSING,60,4,,http://images.acmesports.sports/SOLE+E25+Elliptical,SOLE E25 Elliptical,999.9899902,0,10/7/2017 0:20,Standard Class
TRANSFER,5,4,86.98999786,299.980011,Late delivery,1,43,Camping & Hiking,New Brunswick,EE. UU.,4877,Consumer,NJ,7,Fan Shop,Europe,Korce,Albania,4877,10/10/2016 23:37,44459,957,0.0,0.0,111007,299.980011,0.289999992,1,299.980011,299.980011,86.98999786,Southern Europe,Korçë,PENDING,957,43,,http://images.acmesports.sports/Diamondback+Women%27s+Serene+Classic+Comfort+Bike+2014,Diamondback Women's Serene Classic Comfort Bi,299.980011,0,10/15/2016 23:37,Standard Class
TRANSFER,5,4,22.96999931,120.8899994,Late delivery,1,18,Men's Footwear,Philadelphia,EE. UU.,4830,Corporate,PA,4,Apparel,Africa,Djougou,Benín,4830,10/11/2016 4:52,44474,403,9.100000381,0.07,111040,129.9900055,0.189999998,1,129.9900055,120.8899994,22.96999931,West Africa,Donga,PROCESSING,403,18,,http://images.acmesports.sports/Nike+Men%27s+CJ+Elite+2+TD+Football+Cleat,Nike Men's CJ Elite 2 TD Football Cleat,129.9900055,0,10/16/2016 4:52,Standard Class
TRANSFER,2,1,135.0299988,371.980011,Shipping canceled,0,45,Fishing,Caguas,Puerto Rico,1673,Home Office,PR,7,Fan Shop,Europe,Bayonne,Francia,1673,10/12/2015 2:45,19464,1004,28.0,0.07,48651,399.980011,0.360000014,1,399.980011,371.980011,135.0299988,Western Europe,Aquitania-Lemosín-Poitou-Charentes,SUSPECTED_FRAUD,1004,45,,http://images.acmesports.sports/Field+%26+Stream+Sportsman+16+Gun+Fire+Safe,Field & Stream Sportsman 16 Gun Fire Safe,399.980011,0,10/14/2015 2:45,First Class
TRANSFER,5,4,94.54000092,242.3999939,Late delivery,1,46,Indoor/Outdoor Games,Caguas,Puerto Rico,5066,Corporate,PR,7,Fan Shop,Europe,Praga,República Checa,5066,10/12/2016 0:08,44529,1014,7.5,0.029999999,111187,49.97999954,0.389999986,5,249.8999939,242.3999939,94.54000092,Eastern Europe,Praga,PENDING,1014,46,,http://images.acmesports.sports/O%27Brien+Men%27s+Neoprene+Life+Vest,O'Brien Men's Neoprene Life Vest,49.97999954,0,10/17/2016 0:08,Standard Class
DEBIT,2,4,0.579999983,28.79999924,Advance shipping,0,26,Girls' Apparel,Caguas,Puerto Rico,11176,Consumer,PR,5,Golf,Europe,Montpellier,Francia,11176,10/13/2015 23:14,19591,564,1.200000048,0.039999999,48979,30.0,0.02,1,30.0,28.79999924,0.579999983,Western Europe,Languedoc-Rosellón-Mediodía-Pirineos,COMPLETE,564,26,,http://images.acmesports.sports/Nike+Men%27s+Deutschland+Weltmeister+Winners+Black+T-Shirt,Nike Men's Deutschland Weltmeister Winners Bl,30.0,0,10/15/2015 23:14,Standard Class
PAYMENT,2,4,26.10000038,89.98999786,Advance shipping,0,17,Cleats,Plano,EE. UU.,12427,Corporate,TX,4,Apparel,Pacific Asia,Ankara,Turquía,12427,10/13/2016 22:23,44661,365,30.0,0.25,111518,59.99000168,0.289999992,2,119.9800034,89.98999786,26.10000038,West Asia,Ankara,PENDING_PAYMENT,365,17,,http://images.acmesports.sports/Perfect+Fitness+Perfect+Rip+Deck,Perfect Fitness Perfect Rip Deck,59.99000168,0,10/15/2016 22:23,Standard Class
DEBIT,6,4,51.09000015,151.1499939,Late delivery,1,37,Electronics,Caguas,Puerto Rico,11968,Consumer,PR,6,Outdoors,Pacific Asia,Babol,Irán,11968,10/14/2016 12:03,44700,828,8.800000191,0.059999999,111624,31.98999977,0.340000004,5,159.9499969,151.1499939,51.09000015,South Asia,Mazandarán,COMPLETE,828,37,,http://images.acmesports.sports/Bridgestone+e6+Straight+Distance+NFL+San+Diego+Chargers...,Bridgestone e6 Straight Distance NFL San Dieg,31.98999977,0,10/20/2016 12:03,Standard Class
PAYMENT,6,4,160.1900024,427.1799927,Late delivery,1,62,Cameras ,Reseda,EE. UU.,13323,Consumer,CA,10,Technology,Europe,Bebington,Reino Unido,13323,10/15/2017 11:11,69770,1349,24.86000061,0.059999999,173085,452.0400085,0.379999995,1,452.0400085,427.1799927,160.1900024,Northern Europe,Inglaterra,PENDING_PAYMENT,1349,62,,http://images.acmesports.sports/Web+Camera,Web Camera,452.0400085,0,10/21/2017 11:11,Standard Class
TRANSFER,3,4,31.69000053,97.48999786,Advance shipping,0,18,Men's Footwear,New Brunswick,EE. UU.,4877,Consumer,NJ,4,Apparel,Europe,Perugia,Italia,4877,10/16/2015 19:55,19787,403,32.5,0.25,49457,129.9900055,0.330000013,1,129.9900055,97.48999786,31.69000053,Southern Europe,Umbría,PROCESSING,403,18,,http://images.acmesports.sports/Nike+Men%27s+CJ+Elite+2+TD+Football+Cleat,Nike Men's CJ Elite 2 TD Football Cleat,129.9900055,0,10/19/2015 19:55,Standard Class
DEBIT,6,4,-31.23999977,37.5,Late delivery,1,24,Women's Apparel,San Jose,EE. UU.,11715,Consumer,CA,5,Golf,Europe,Dublín,Irlanda,11715,10/17/2015 19:44,19855,502,12.5,0.25,49614,50.0,-0.829999983,1,50.0,37.5,-31.23999977,Northern Europe,Dublín,COMPLETE,502,24,,http://images.acmesports.sports/Nike+Men%27s+Dri-FIT+Victory+Golf+Polo,Nike Men's Dri-FIT Victory Golf Polo,50.0,0,10/23/2015 19:44,Standard Class
CASH,2,4,78.69000244,163.9299927,Advance shipping,0,46,Indoor/Outdoor Games,Caguas,Puerto Rico,3095,Consumer,PR,7,Fan Shop,Europe,La Baule-Escoublac,Francia,3095,10/18/2015 11:51,19901,1014,35.99000168,0.180000007,49733,49.97999954,0.479999989,4,199.9199982,163.9299927,78.69000244,Western Europe,Países del Loira,CLOSED,1014,46,,http://images.acmesports.sports/O%27Brien+Men%27s+Neoprene+Life+Vest,O'Brien Men's Neoprene Life Vest,49.97999954,0,10/20/2015 11:51,Standard Class
TRANSFER,2,4,77.27999878,167.9900055,Advance shipping,0,48,Water Sports,New York,EE. UU.,7697,Corporate,NY,7,Fan Shop,Europe,Altamura,Italia,7697,10/18/2015 3:05,19876,1073,32.0,0.159999996,49676,199.9900055,0.460000008,1,199.9900055,167.9900055,77.27999878,Southern Europe,Apulia,PENDING,1073,48,,http://images.acmesports.sports/Pelican+Sunstream+100+Kayak,Pelican Sunstream 100 Kayak,199.9900055,0,10/20/2015 3:05,Standard Class
DEBIT,3,4,52.18999863,173.9600067,Advance shipping,0,29,Shop By Sport,San Antonio,EE. UU.,8534,Consumer,TX,5,Golf,Africa,Warri,Nigeria,8534,10/19/2016 6:36,45027,627,25.98999977,0.129999995,112427,39.99000168,0.300000012,5,199.9499969,173.9600067,52.18999863,West Africa,Delta,COMPLETE,627,29,,http://images.acmesports.sports/Under+Armour+Girls%27+Toddler+Spine+Surge+Running+Shoe,Under Armour Girls' Toddler Spine Surge Runni,39.99000168,0,10/22/2016 6:36,Standard Class
PAYMENT,4,4,100.7900009,239.9799957,Shipping on time,0,43,Camping & Hiking,Caguas,Puerto Rico,3429,Corporate,PR,7,Fan Shop,Europe,Carrara,Italia,3429,10/2/2015 16:26,18818,957,60.0,0.200000003,47059,299.980011,0.419999987,1,299.980011,239.9799957,100.7900009,Southern Europe,Toscana,PENDING_PAYMENT,957,43,,http://images.acmesports.sports/Diamondback+Women%27s+Serene+Classic+Comfort+Bike+2014,Diamondback Women's Serene Classic Comfort Bi,299.980011,0,10/6/2015 16:26,Standard Class
PAYMENT,6,4,4.369999886,109.1900024,Late delivery,1,18,Men's Footwear,Caguas,Puerto Rico,7115,Corporate,PR,4,Apparel,Europe,Runcorn,Reino Unido,7115,10/22/2015 17:06,20190,403,20.79999924,0.159999996,50448,129.9900055,0.039999999,1,129.9900055,109.1900024,4.369999886,Northern Europe,Inglaterra,PENDING_PAYMENT,403,18,,http://images.acmesports.sports/Nike+Men%27s+CJ+Elite+2+TD+Football+Cleat,Nike Men's CJ Elite 2 TD Football Cleat,129.9900055,0,10/28/2015 17:06,Standard Class
TRANSFER,3,4,30.96999931,189.9900055,Advance shipping,0,48,Water Sports,Sanford,EE. UU.,7036,Corporate,NC,7,Fan Shop,Africa,Dar es Salaam,Tanzania,7036,10/23/2016 13:57,45322,1073,10.0,0.050000001,113242,199.9900055,0.159999996,1,199.9900055,189.9900055,30.96999931,East Africa,Dar es Salaam,PENDING,1073,48,,http://images.acmesports.sports/Pelican+Sunstream+100+Kayak,Pelican Sunstream 100 Kayak,199.9900055,0,10/26/2016 13:57,Standard Class
PAYMENT,2,4,59.15000153,118.2900009,Advance shipping,0,18,Men's Footwear,Caguas,Puerto Rico,419,Consumer,PR,4,Apparel,Europe,Járkov,Ucrania,419,10/23/2016 20:37,45341,403,11.69999981,0.090000004,113284,129.9900055,0.5,1,129.9900055,118.2900009,59.15000153,Eastern Europe,Járkov,PENDING_PAYMENT,403,18,,http://images.acmesports.sports/Nike+Men%27s+CJ+Elite+2+TD+Football+Cleat,Nike Men's CJ Elite 2 TD Football Cleat,129.9900055,0,10/25/2016 20:37,Standard Class
TRANSFER,3,4,81.98999786,292.8200073,Advance shipping,0,63,Children's Clothing,Caguas,Puerto Rico,13900,Consumer,PR,4,Apparel,Europe,Marly-le-Roi,Francia,13900,10/23/2017 21:20,70347,1350,64.27999878,0.180000007,173662,357.1000061,0.280000001,1,357.1000061,292.8200073,81.98999786,Western Europe,Isla de Francia,PROCESSING,1350,63,,http://images.acmesports.sports/Children+heaters,Children's heaters,357.1000061,0,10/26/2017 21:20,Standard Class
CASH,4,4,146.9799957,299.9599915,Shipping on time,0,63,Children's Clothing,Philadelphia,EE. UU.,13866,Consumer,PA,4,Apparel,Europe,Montbrison,Francia,13866,10/23/2017 9:25,70313,1350,57.13999939,0.159999996,173628,357.1000061,0.49000001,1,357.1000061,299.9599915,146.9799957,Western Europe,Auvernia-Ródano-Alpes,CLOSED,1350,63,,http://images.acmesports.sports/Children+heaters,Children's heaters,357.1000061,0,10/27/2017 9:25,Standard Class
PAYMENT,4,2,188.1499939,391.980011,Late delivery,1,45,Fishing,Caguas,Puerto Rico,11003,Corporate,PR,7,Fan Shop,Pacific Asia,Taiyuan,China,11003,10/25/2015 17:58,20398,1004,8.0,0.02,50930,399.980011,0.479999989,1,399.980011,391.980011,188.1499939,Eastern Asia,Shanxi,PENDING_PAYMENT,1004,45,,http://images.acmesports.sports/Field+%26+Stream+Sportsman+16+Gun+Fire+Safe,Field & Stream Sportsman 16 Gun Fire Safe,399.980011,0,10/29/2015 17:58,Second Class
DEBIT,6,4,153.9799957,314.25,Late delivery,1,63,Children's Clothing,Caguas,Puerto Rico,14013,Consumer,PR,4,Apparel,Europe,Alfortville,Francia,14013,10/25/2017 12:55,70460,1350,42.84999847,0.119999997,173775,357.1000061,0.49000001,1,357.1000061,314.25,153.9799957,Western Europe,Isla de Francia,COMPLETE,1350,63,,http://images.acmesports.sports/Children+heaters,Children's heaters,357.1000061,0,10/31/2017 12:55,Standard Class
CASH,4,4,3.119999886,46.5,Shipping on time,0,24,Women's Apparel,Caguas,Puerto Rico,11848,Home Office,PR,5,Golf,Pacific Asia,Barddhaman,India,11848,10/26/2015 13:14,20453,502,3.5,0.07,51046,50.0,0.07,1,50.0,46.5,3.119999886,South Asia,Bengala Occidental,CLOSED,502,24,,http://images.acmesports.sports/Nike+Men%27s+Dri-FIT+Victory+Golf+Polo,Nike Men's Dri-FIT Victory Golf Polo,50.0,0,10/30/2015 13:14,Standard Class
DEBIT,6,2,63.68000031,181.9499969,Late delivery,1,29,Shop By Sport,New York,EE. UU.,9063,Corporate,NY,5,Golf,Pacific Asia,Manila,Filipinas,9063,10/26/2015 20:57,20475,627,18.0,0.090000004,51100,39.99000168,0.349999994,5,199.9499969,181.9499969,63.68000031,Southeast Asia,Capital Nacional,COMPLETE,627,29,,http://images.acmesports.sports/Under+Armour+Girls%27+Toddler+Spine+Surge+Running+Shoe,Under Armour Girls' Toddler Spine Surge Runni,39.99000168,0,11/1/2015 20:57,Second Class
CASH,1,0,-269.6900024,173.9900055,Late delivery,1,48,Water Sports,Eagle Pass,EE. UU.,8688,Corporate,TX,7,Fan Shop,Africa,Casablanca,Marruecos,8688,10/26/2016 14:50,45530,1073,26.0,0.129999995,113773,199.9900055,-1.549999952,1,199.9900055,173.9900055,-269.6900024,North Africa,Gran Casablanca,CLOSED,1073,48,,http://images.acmesports.sports/Pelican+Sunstream+100+Kayak,Pelican Sunstream 100 Kayak,199.9900055,0,10/27/2016 2:50,Same Day
DEBIT,2,2,86.40000153,240.0,Shipping on time,0,24,Women's Apparel,Houston,EE. UU.,5829,Consumer,TX,5,Golf,Europe,Kaluga,Rusia,5829,10/27/2016 10:27,45586,502,10.0,0.039999999,113934,50.0,0.360000014,5,250.0,240.0,86.40000153,Eastern Europe,Kaluga,COMPLETE,502,24,,http://images.acmesports.sports/Nike+Men%27s+Dri-FIT+Victory+Golf+Polo,Nike Men's Dri-FIT Victory Golf Polo,50.0,0,10/29/2016 10:27,Second Class
PAYMENT,5,4,158.3899994,351.980011,Late delivery,1,45,Fishing,San Benito,EE. UU.,4318,Corporate,TX,7,Fan Shop,Europe,Kaluga,Rusia,4318,10/27/2016 9:45,45584,1004,48.0,0.119999997,113927,399.980011,0.449999988,1,399.980011,351.980011,158.3899994,Eastern Europe,Kaluga,PENDING_PAYMENT,1004,45,,http://images.acmesports.sports/Field+%26+Stream+Sportsman+16+Gun+Fire+Safe,Field & Stream Sportsman 16 Gun Fire Safe,399.980011,0,11/1/2016 9:45,Standard Class
TRANSFER,6,4,106.4100037,339.980011,Late delivery,1,45,Fishing,Santa Cruz,EE. UU.,7445,Consumer,CA,7,Fan Shop,Pacific Asia,Kwinana,Australia,7445,10/28/2015 2:44,20560,1004,60.0,0.150000006,51362,399.980011,0.310000002,1,399.980011,339.980011,106.4100037,Oceania,Australia Occidental,PENDING,1004,45,,http://images.acmesports.sports/Field+%26+Stream+Sportsman+16+Gun+Fire+Safe,Field & Stream Sportsman 16 Gun Fire Safe,399.980011,0,11/3/2015 2:44,Standard Class
DEBIT,3,4,64.73999786,248.9799957,Advance shipping,0,43,Camping & Hiking,Caguas,Puerto Rico,10447,Corporate,PR,7,Fan Shop,Pacific Asia,Madurai,India,10447,10/28/2015 5:11,20567,957,51.0,0.170000002,51386,299.980011,0.25999999,1,299.980011,248.9799957,64.73999786,South Asia,Tamil Nadu,ON_HOLD,957,43,,http://images.acmesports.sports/Diamondback+Women%27s+Serene+Classic+Comfort+Bike+2014,Diamondback Women's Serene Classic Comfort Bi,299.980011,0,10/31/2015 5:11,Standard Class
DEBIT,0,0,12.81000042,145.5599976,Shipping on time,0,29,Shop By Sport,Hanover,EE. UU.,4650,Consumer,PA,5,Golf,Pacific Asia,Sarkand,Kazajistán,4650,10/28/2016 0:07,45625,627,14.39999962,0.090000004,114034,39.99000168,0.090000004,4,159.9600067,145.5599976,12.81000042,Central Asia,Almaty,COMPLETE,627,29,,http://images.acmesports.sports/Under+Armour+Girls%27+Toddler+Spine+Surge+Running+Shoe,Under Armour Girls' Toddler Spine Surge Runni,39.99000168,0,10/28/2016 12:07,Same Day
DEBIT,4,4,59.20000076,128.6900024,Shipping on time,0,18,Men's Footwear,Hayward,EE. UU.,5176,Consumer,CA,4,Apparel,Pacific Asia,Manila,Filipinas,5176,10/29/2015 13:04,20658,403,1.299999952,0.01,51615,129.9900055,0.460000008,1,129.9900055,128.6900024,59.20000076,Southeast Asia,Capital Nacional,COMPLETE,403,18,,http://images.acmesports.sports/Nike+Men%27s+CJ+Elite+2+TD+Football+Cleat,Nike Men's CJ Elite 2 TD Football Cleat,129.9900055,0,11/2/2015 13:04,Standard Class
DEBIT,3,2,-61.72999954,50.38999939,Late delivery,1,17,Cleats,Caguas,Puerto Rico,1931,Consumer,PR,4,Apparel,Africa,Dakar,Senegal,1931,10/3/2016 13:59,43952,365,9.600000381,0.159999996,109783,59.99000168,-1.230000019,1,59.99000168,50.38999939,-61.72999954,West Africa,Dakar,COMPLETE,365,17,,http://images.acmesports.sports/Perfect+Fitness+Perfect+Rip+Deck,Perfect Fitness Perfect Rip Deck,59.99000168,0,10/6/2016 13:59,Second Class
DEBIT,3,4,38.22000122,98.0,Advance shipping,0,24,Women's Apparel,Honolulu,EE. UU.,1276,Consumer,HI,5,Golf,Pacific Asia,Bandar Abbas,Irán,1276,10/3/2016 20:59,43972,502,2.0,0.02,109833,50.0,0.389999986,2,100.0,98.0,38.22000122,South Asia,Hormozgán,COMPLETE,502,24,,http://images.acmesports.sports/Nike+Men%27s+Dri-FIT+Victory+Golf+Polo,Nike Men's Dri-FIT Victory Golf Polo,50.0,0,10/6/2016 20:59,Standard Class
PAYMENT,4,2,35.70000076,74.37999725,Late delivery,1,29,Shop By Sport,Los Angeles,EE. UU.,5708,Home Office,CA,5,Golf,Pacific Asia,Riyadh,Arabia Saudí,5708,10/4/2016 7:51,44003,627,5.599999905,0.07,109914,39.99000168,0.479999989,2,79.98000336,74.37999725,35.70000076,West Asia,Riad,PENDING_PAYMENT,627,29,,http://images.acmesports.sports/Under+Armour+Girls%27+Toddler+Spine+Surge+Running+Shoe,Under Armour Girls' Toddler Spine Surge Runni,39.99000168,0,10/8/2016 7:51,Second Class
PAYMENT,4,2,21.54999924,78.37999725,Late delivery,1,29,Shop By Sport,Brooklyn,EE. UU.,2539,Corporate,NY,5,Golf,Europe,Katowice,Polonia,2539,10/5/2016 15:23,44093,627,1.600000024,0.02,110129,39.99000168,0.280000001,2,79.98000336,78.37999725,21.54999924,Eastern Europe,Silesia,PENDING_PAYMENT,627,29,,http://images.acmesports.sports/Under+Armour+Girls%27+Toddler+Spine+Surge+Running+Shoe,Under Armour Girls' Toddler Spine Surge Runni,39.99000168,0,10/9/2016 15:23,Second Class
DEBIT,2,2,11.53999996,30.77000046,Shipping on time,0,59,Books ,Enfield,EE. UU.,12649,Consumer,CT,8,Book Shop,Europe,Marseille,Francia,12649,10/5/2017 15:03,69096,1346,0.310000002,0.01,172411,31.07999992,0.379999995,1,31.07999992,30.77000046,11.53999996,Western Europe,Provenza-Alpes-Costa Azul,COMPLETE,1346,59,,http://images.acmesports.sports/Sports+Books,Sports Books ,31.07999992,0,10/7/2017 15:03,Second Class
PAYMENT,6,4,8.170000076,26.11000061,Late delivery,1,59,Books ,San Jose,EE. UU.,12673,Home Office,CA,8,Book Shop,Europe,Avignon,Francia,12673,10/5/2017 23:27,69120,1346,4.96999979,0.159999996,172435,31.07999992,0.310000002,1,31.07999992,26.11000061,8.170000076,Western Europe,Provenza-Alpes-Costa Azul,PENDING_PAYMENT,1346,59,,http://images.acmesports.sports/Sports+Books,Sports Books ,31.07999992,0,10/11/2017 23:27,Standard Class
PAYMENT,4,4,116.0800018,269.9599915,Shipping on time,0,17,Cleats,Tucson,EE. UU.,6014,Home Office,AZ,4,Apparel,Europe,Edinburgh,Reino Unido,6014,10/6/2015 11:31,19078,365,30.0,0.100000001,47691,59.99000168,0.430000007,5,299.9500122,269.9599915,116.0800018,Northern Europe,Escocia,PENDING_PAYMENT,365,17,,http://images.acmesports.sports/Perfect+Fitness+Perfect+Rip+Deck,Perfect Fitness Perfect Rip Deck,59.99000168,0,10/10/2015 11:31,Standard Class
TRANSFER,6,4,6.71999979,106.5899963,Late delivery,1,18,Men's Footwear,Caguas,Puerto Rico,87,Corporate,PR,4,Apparel,Europe,Calais,Francia,87,10/6/2015 20:58,19105,403,23.39999962,0.180000007,47754,129.9900055,0.059999999,1,129.9900055,106.5899963,6.71999979,Western Europe,Norte-Paso de Calais-Picardía,PROCESSING,403,18,,http://images.acmesports.sports/Nike+Men%27s+CJ+Elite+2+TD+Football+Cleat,Nike Men's CJ Elite 2 TD Football Cleat,129.9900055,0,10/12/2015 20:58,Standard Class
PAYMENT,6,4,36.52999878,125.9499969,Late delivery,1,46,Indoor/Outdoor Games,Caguas,Puerto Rico,1149,Consumer,PR,7,Fan Shop,Europe,Orihuela,España,1149,10/6/2015 3:27,19055,1014,23.98999977,0.159999996,47630,49.97999954,0.289999992,3,149.9400024,125.9499969,36.52999878,Southern Europe,Valenciana,PENDING_PAYMENT,1014,46,,http://images.acmesports.sports/O%27Brien+Men%27s+Neoprene+Life+Vest,O'Brien Men's Neoprene Life Vest,49.97999954,0,10/12/2015 3:27,Standard Class
PAYMENT,5,4,41.52000046,122.8399963,Late delivery,1,18,Men's Footwear,Chicago,EE. UU.,1905,Home Office,IL,4,Apparel,Africa,Mohammedia,Marruecos,1905,10/6/2016 16:15,44164,403,7.150000095,0.059999999,110292,129.9900055,0.340000004,1,129.9900055,122.8399963,41.52000046,North Africa,Gran Casablanca,PENDING_PAYMENT,403,18,,http://images.acmesports.sports/Nike+Men%27s+CJ+Elite+2+TD+Football+Cleat,Nike Men's CJ Elite 2 TD Football Cleat,129.9900055,0,10/11/2016 16:15,Standard Class
TRANSFER,2,4,8.789999962,54.93999863,Advance shipping,0,60,Baby ,Union City,EE. UU.,12809,Corporate,NJ,4,Apparel,Europe,Gummersbach,Alemania,12809,10/7/2017 23:06,69256,1347,4.139999866,0.07,172571,59.08000183,0.159999996,1,59.08000183,54.93999863,8.789999962,Western Europe,Renania del Norte-Westfalia,PROCESSING,1347,60,,http://images.acmesports.sports/Baby+sweater,Baby sweater,59.08000183,0,10/9/2017 23:06,Standard Class
DEBIT,2,1,-97.18000031,179.9600067,Late delivery,1,29,Shop By Sport,San Diego,EE. UU.,6713,Consumer,CA,5,Golf,Africa,Algiers,Argelia,6713,11/1/2016 14:28,45940,627,20.0,0.100000001,114817,39.99000168,-0.540000021,5,199.9499969,179.9600067,-97.18000031,North Africa,Alger,COMPLETE,627,29,,http://images.acmesports.sports/Under+Armour+Girls%27+Toddler+Spine+Surge+Running+Shoe,Under Armour Girls' Toddler Spine Surge Runni,39.99000168,0,11/3/2016 14:28,First Class
DEBIT,3,2,101.0299988,214.9499969,Late delivery,1,65,Consumer Electronics,Caguas,Puerto Rico,14510,Consumer,PR,10,Technology,Europe,Pontault-Combault,Francia,14510,11/1/2017 19:02,70957,1352,37.93000031,0.150000006,174272,252.8800049,0.469999999,1,252.8800049,214.9499969,101.0299988,Western Europe,Isla de Francia,COMPLETE,1352,65,,http://images.acmesports.sports/Industrial+consumer+electronics,Industrial consumer electronics,252.8800049,0,11/4/2017 19:02,Second Class
TRANSFER,2,1,70.40000153,242.7599945,Late delivery,1,65,Consumer Electronics,Caguas,Puerto Rico,14482,Consumer,PR,10,Technology,Europe,Madrid,España,14482,11/1/2017 9:14,70929,1352,10.11999989,0.039999999,174244,252.8800049,0.289999992,1,252.8800049,242.7599945,70.40000153,Southern Europe,Madrid,PENDING,1352,65,,http://images.acmesports.sports/Industrial+consumer+electronics,Industrial consumer electronics,252.8800049,0,11/3/2017 9:14,First Class
DEBIT,5,2,12.0,119.9700012,Late delivery,1,29,Shop By Sport,Caguas,Puerto Rico,4086,Corporate,PR,5,Golf,Pacific Asia,Bilaspur,India,4086,11/10/2015 9:11,21469,627,0.0,0.0,53699,39.99000168,0.100000001,3,119.9700012,119.9700012,12.0,South Asia,Uttar Pradesh,COMPLETE,627,29,,http://images.acmesports.sports/Under+Armour+Girls%27+Toddler+Spine+Surge+Running+Shoe,Under Armour Girls' Toddler Spine Surge Runni,39.99000168,0,11/15/2015 9:11,Second Class
TRANSFER,4,4,-436.730011,272.9500122,Shipping on time,0,17,Cleats,Caguas,Puerto Rico,2421,Home Office,PR,4,Apparel,Africa,Lagos,Nigeria,2421,11/11/2016 15:30,46628,365,27.0,0.090000004,116572,59.99000168,-1.600000024,5,299.9500122,272.9500122,-436.730011,West Africa,Lagos,PROCESSING,365,17,,http://images.acmesports.sports/Perfect+Fitness+Perfect+Rip+Deck,Perfect Fitness Perfect Rip Deck,59.99000168,0,11/15/2016 15:30,Standard Class
DEBIT,2,4,66.91999817,197.9900055,Advance shipping,0,48,Water Sports,Wheaton,EE. UU.,9146,Consumer,IL,7,Fan Shop,Pacific Asia,Suzhou,China,9146,11/12/2015 2:11,21586,1073,2.0,0.01,53969,199.9900055,0.340000004,1,199.9900055,197.9900055,66.91999817,Eastern Asia,Anhui,ON_HOLD,1073,48,,http://images.acmesports.sports/Pelican+Sunstream+100+Kayak,Pelican Sunstream 100 Kayak,199.9900055,0,11/14/2015 2:11,Standard Class
DEBIT,3,4,61.59999847,212.4199982,Advance shipping,0,46,Indoor/Outdoor Games,Bronx,EE. UU.,1882,Home Office,NY,7,Fan Shop,Pacific Asia,Canberra,Australia,1882,11/13/2015 11:49,21682,1014,37.49000168,0.150000006,54232,49.97999954,0.289999992,5,249.8999939,212.4199982,61.59999847,Oceania,Territorio de la Capital Australiana,ON_HOLD,1014,46,,http://images.acmesports.sports/O%27Brien+Men%27s+Neoprene+Life+Vest,O'Brien Men's Neoprene Life Vest,49.97999954,0,11/16/2015 11:49,Standard Class
CASH,6,2,174.8300018,371.980011,Late delivery,1,45,Fishing,Caguas,Puerto Rico,2723,Consumer,PR,7,Fan Shop,Africa,Marrakech,Marruecos,2723,11/13/2016 17:15,46770,1004,28.0,0.07,116943,399.980011,0.469999999,1,399.980011,371.980011,174.8300018,North Africa,Marrakech-Tensift-Al Hauz,CLOSED,1004,45,,http://images.acmesports.sports/Field+%26+Stream+Sportsman+16+Gun+Fire+Safe,Field & Stream Sportsman 16 Gun Fire Safe,399.980011,0,11/19/2016 17:15,Second Class
PAYMENT,6,4,-6.639999866,58.79000092,Late delivery,1,17,Cleats,Caguas,Puerto Rico,11986,Corporate,PR,4,Apparel,Pacific Asia,Sydney,Australia,11986,11/14/2015 16:53,21765,365,1.200000048,0.02,54441,59.99000168,-0.109999999,1,59.99000168,58.79000092,-6.639999866,Oceania,Nueva Gales del Sur,PENDING_PAYMENT,365,17,,http://images.acmesports.sports/Perfect+Fitness+Perfect+Rip+Deck,Perfect Fitness Perfect Rip Deck,59.99000168,0,11/20/2015 16:53,Standard Class
PAYMENT,2,4,231.5099945,503.2900085,Advance shipping,0,68,Garden,Caguas,Puerto Rico,15659,Corporate,PR,6,Outdoors,Pacific Asia,Hobart,Australia,15659,11/18/2017 13:35,72106,1355,29.29000092,0.059999999,175421,532.5800171,0.460000008,1,532.5800171,503.2900085,231.5099945,Oceania,Tasmania,PENDING_PAYMENT,1355,68,,http://images.acmesports.sports/Lawn+mower,Lawn mower,532.5800171,0,11/20/2017 13:35,Standard Class
TRANSFER,3,2,-76.43000031,127.3899994,Late delivery,1,18,Men's Footwear,Tampa,EE. UU.,9015,Corporate,FL,4,Apparel,Pacific Asia,Manila,Filipinas,9015,11/2/2015 11:18,20927,403,2.599999905,0.02,52282,129.9900055,-0.600000024,1,129.9900055,127.3899994,-76.43000031,Southeast Asia,Capital Nacional,PROCESSING,403,18,,http://images.acmesports.sports/Nike+Men%27s+CJ+Elite+2+TD+Football+Cleat,Nike Men's CJ Elite 2 TD Football Cleat,129.9900055,0,11/5/2015 11:18,Second Class
DEBIT,5,2,39.88000107,209.8899994,Late delivery,1,65,Consumer Electronics,Caguas,Puerto Rico,14562,Consumer,PR,10,Technology,Europe,Hanover,Alemania,14562,11/2/2017 13:15,71009,1352,42.99000168,0.170000002,174324,252.8800049,0.189999998,1,252.8800049,209.8899994,39.88000107,Western Europe,Baja Sajonia,COMPLETE,1352,65,,http://images.acmesports.sports/Industrial+consumer+electronics,Industrial consumer electronics,252.8800049,0,11/7/2017 13:15,Second Class
DEBIT,1,0,65.84999847,212.4199982,Late delivery,1,65,Consumer Electronics,Honolulu,EE. UU.,14563,Consumer,HI,10,Technology,Europe,Hanover,Alemania,14563,11/2/2017 13:36,71010,1352,40.45999908,0.159999996,174325,252.8800049,0.310000002,1,252.8800049,212.4199982,65.84999847,Western Europe,Baja Sajonia,COMPLETE,1352,65,,http://images.acmesports.sports/Industrial+consumer+electronics,Industrial consumer electronics,252.8800049,0,11/3/2017 1:36,Same Day
TRANSFER,4,4,30.0,299.9899902,Shipping on time,0,45,Fishing,Caguas,Puerto Rico,58,Consumer,PR,7,Fan Shop,Pacific Asia,Huainan,China,58,11/20/2015 5:19,22143,1004,100.0,0.25,55426,399.980011,0.100000001,1,399.980011,299.9899902,30.0,Eastern Asia,Anhui,PENDING,1004,45,,http://images.acmesports.sports/Field+%26+Stream+Sportsman+16+Gun+Fire+Safe,Field & Stream Sportsman 16 Gun Fire Safe,399.980011,0,11/24/2015 5:19,Standard Class
DEBIT,3,2,49.13999939,188.9900055,Late delivery,1,48,Water Sports,Middletown,EE. UU.,5190,Home Office,CT,7,Fan Shop,Pacific Asia,Ho Chi Minh City,Vietnam,5190,11/20/2015 6:43,22147,1073,11.0,0.059999999,55440,199.9900055,0.25999999,1,199.9900055,188.9900055,49.13999939,Southeast Asia,Ciudad Ho Chi Minh,COMPLETE,1073,48,,http://images.acmesports.sports/Pelican+Sunstream+100+Kayak,Pelican Sunstream 100 Kayak,199.9900055,0,11/23/2015 6:43,Second Class
DEBIT,5,4,12.76000023,78.26000214,Late delivery,1,36,Golf Balls,Columbia,EE. UU.,1098,Corporate,TN,6,Outdoors,Pacific Asia,Yakarta,Indonesia,1098,11/21/2015 9:42,22224,797,11.68999958,0.129999995,55639,17.98999977,0.159999996,5,89.94999695,78.26000214,12.76000023,Southeast Asia,Yakarta,COMPLETE,797,36,,http://images.acmesports.sports/Hirzl+Women%27s+Soffft+Flex+Golf+Glove,Hirzl Women's Soffft Flex Golf Glove,17.98999977,0,11/26/2015 9:42,Standard Class
DEBIT,4,4,22.62000084,49.16999817,Shipping on time,0,36,Golf Balls,Irwin,EE. UU.,5084,Corporate,PA,6,Outdoors,Pacific Asia,Mersin,Turquía,5084,11/22/2016 16:01,47383,792,10.78999996,0.180000007,118468,14.98999977,0.460000008,4,59.95999908,49.16999817,22.62000084,West Asia,Mersin,ON_HOLD,792,36,,http://images.acmesports.sports/Hirzl+Men%27s+Hybrid+Golf+Glove,Hirzl Men's Hybrid Golf Glove,14.98999977,0,11/26/2016 16:01,Standard Class
PAYMENT,0,0,56.24000168,224.9799957,Shipping on time,0,9,Cardio Equipment,Caguas,Puerto Rico,2179,Home Office,PR,3,Footwear,Africa,Monrovia,Liberia,2179,11/22/2016 6:54,47357,191,74.98999786,0.25,118401,99.98999786,0.25,3,299.9700012,224.9799957,56.24000168,West Africa,Montserrado,PENDING_PAYMENT,191,9,,http://images.acmesports.sports/Nike+Men%27s+Free+5.0%2B+Running+Shoe,Nike Men's Free 5.0+ Running Shoe,99.98999786,0,11/22/2016 18:54,Same Day
TRANSFER,3,2,-34.36999893,210.8500061,Late delivery,1,70,Men's Clothing,Danbury,EE. UU.,15950,Consumer,CT,4,Apparel,Pacific Asia,Nagpur,India,15950,11/22/2017 19:32,72397,1357,0.0,0.0,175712,210.8500061,-0.159999996,1,210.8500061,210.8500061,-34.36999893,South Asia,Maharashtra,PENDING,1357,70,,http://images.acmesports.sports/Men+gala+suit,Men's gala suit,210.8500061,0,11/25/2017 19:32,Second Class
DEBIT,5,4,31.87000084,254.9799957,Late delivery,1,43,Camping & Hiking,Caguas,Puerto Rico,642,Consumer,PR,7,Fan Shop,Europe,Kaliningrado,Rusia,642,11/25/2016 0:25,47544,957,45.0,0.150000006,118854,299.980011,0.129999995,1,299.980011,254.9799957,31.87000084,Eastern Europe,Kaliningrado,COMPLETE,957,43,,http://images.acmesports.sports/Diamondback+Women%27s+Serene+Classic+Comfort+Bike+2014,Diamondback Women's Serene Classic Comfort Bi,299.980011,0,11/30/2016 0:25,Standard Class
DEBIT,6,4,52.40999985,109.1900024,Late delivery,1,18,Men's Footwear,Mesa,EE. UU.,2763,Corporate,AZ,4,Apparel,Europe,Budapest,Hungría,2763,11/25/2016 6:02,47560,403,20.79999924,0.159999996,118894,129.9900055,0.479999989,1,129.9900055,109.1900024,52.40999985,Eastern Europe,Budapest,COMPLETE,403,18,,http://images.acmesports.sports/Nike+Men%27s+CJ+Elite+2+TD+Football+Cleat,Nike Men's CJ Elite 2 TD Football Cleat,129.9900055,0,12/1/2016 6:02,Standard Class
TRANSFER,3,4,58.65000153,195.4900055,Advance shipping,0,71,Music,La Habra,EE. UU.,16135,Home Office,CA,9,Discs Shop,Pacific Asia,Agra,India,16135,11/25/2017 12:21,72582,1358,65.16000366,0.25,175897,260.6499939,0.300000012,1,260.6499939,195.4900055,58.65000153,South Asia,Uttar Pradesh,PENDING,1358,71,,http://images.acmesports.sports/Rock+music,Rock music,260.6499939,0,11/28/2017 12:21,Standard Class
DEBIT,4,4,24.5,195.9900055,Shipping on time,0,48,Water Sports,Jacksonville,EE. UU.,8739,Consumer,FL,7,Fan Shop,Pacific Asia,Kota Kinabalu,Malasia,8739,11/26/2015 17:13,22588,1073,4.0,0.02,56508,199.9900055,0.129999995,1,199.9900055,195.9900055,24.5,Southeast Asia,Sabah,COMPLETE,1073,48,,http://images.acmesports.sports/Pelican+Sunstream+100+Kayak,Pelican Sunstream 100 Kayak,199.9900055,0,11/30/2015 17:13,Standard Class
TRANSFER,2,4,3.210000038,50.99000168,Advance shipping,0,17,Cleats,Brooklyn,EE. UU.,10617,Home Office,NY,4,Apparel,Pacific Asia,Bandung,Indonesia,10617,11/27/2015 20:33,22666,365,9.0,0.150000006,56720,59.99000168,0.059999999,1,59.99000168,50.99000168,3.210000038,Southeast Asia,Java Occidental,PENDING,365,17,,http://images.acmesports.sports/Perfect+Fitness+Perfect+Rip+Deck,Perfect Fitness Perfect Rip Deck,59.99000168,0,11/29/2015 20:33,Standard Class
DEBIT,5,2,8.550000191,45.47999954,Late delivery,1,46,Indoor/Outdoor Games,Hollywood,EE. UU.,7548,Consumer,FL,7,Fan Shop,Pacific Asia,Arak,Irán,7548,11/29/2016 14:47,47859,1014,4.5,0.090000004,119668,49.97999954,0.189999998,1,49.97999954,45.47999954,8.550000191,South Asia,Markazí,COMPLETE,1014,46,,http://images.acmesports.sports/O%27Brien+Men%27s+Neoprene+Life+Vest,O'Brien Men's Neoprene Life Vest,49.97999954,0,12/4/2016 14:47,Second Class
DEBIT,2,1,4.380000114,38.79000092,Late delivery,1,29,Shop By Sport,Livermore,EE. UU.,2605,Consumer,CA,5,Golf,Pacific Asia,Medan,Indonesia,2605,11/30/2015 5:39,22829,627,1.200000048,0.029999999,57142,39.99000168,0.109999999,1,39.99000168,38.79000092,4.380000114,Southeast Asia,Sumatra Septentrional,COMPLETE,627,29,,http://images.acmesports.sports/Under+Armour+Girls%27+Toddler+Spine+Surge+Running+Shoe,Under Armour Girls' Toddler Spine Surge Runni,39.99000168,0,12/2/2015 5:39,First Class
DEBIT,4,4,76.36000061,165.9900055,Shipping on time,0,48,Water Sports,Chicago,EE. UU.,12316,Consumer,IL,7,Fan Shop,Africa,Mbuji-mayi,República Democrática del Congo,12316,11/30/2016 20:13,47943,1073,34.0,0.170000002,119899,199.9900055,0.460000008,1,199.9900055,165.9900055,76.36000061,Central Africa,Kasai Oriental,COMPLETE,1073,48,,http://images.acmesports.sports/Pelican+Sunstream+100+Kayak,Pelican Sunstream 100 Kayak,199.9900055,0,12/4/2016 20:13,Standard Class
DEBIT,2,1,26.04000092,71.73999786,Late delivery,1,72,Pet Supplies,Caguas,Puerto Rico,16473,Home Office,PR,11,Pet Shop,Pacific Asia,Perth,Australia,16473,11/30/2017 10:46,72920,1359,12.65999985,0.150000006,176235,84.40000153,0.360000014,1,84.40000153,71.73999786,26.04000092,Oceania,Australia Occidental,COMPLETE,1359,72,,http://images.acmesports.sports/Adult+dog+supplies,Adult dog supplies,84.40000153,0,12/2/2017 10:46,First Class
TRANSFER,6,4,-11.0,70.05000305,Shipping canceled,0,72,Pet Supplies,Florissant,EE. UU.,16453,Consumer,MO,11,Pet Shop,Pacific Asia,Melbourne,Australia,16453,11/30/2017 3:46,72900,1359,14.35000038,0.170000002,176215,84.40000153,-0.159999996,1,84.40000153,70.05000305,-11.0,Oceania,Victoria,CANCELED,1359,72,,http://images.acmesports.sports/Adult+dog+supplies,Adult dog supplies,84.40000153,0,12/6/2017 3:46,Standard Class
DEBIT,6,4,50.95999908,195.9900055,Late delivery,1,48,Water Sports,Tallahassee,EE. UU.,5867,Consumer,FL,7,Fan Shop,Pacific Asia,Fasa,Irán,5867,11/5/2016 2:33,46180,1073,4.0,0.02,115437,199.9900055,0.25999999,1,199.9900055,195.9900055,50.95999908,South Asia,Fars,COMPLETE,1073,48,,http://images.acmesports.sports/Pelican+Sunstream+100+Kayak,Pelican Sunstream 100 Kayak,199.9900055,0,11/11/2016 2:33,Standard Class
PAYMENT,2,4,44.33000183,392.2600098,Advance shipping,0,66,Crafts,Webster,EE. UU.,14759,Consumer,NY,4,Apparel,Europe,Madrid,España,14759,11/5/2017 10:16,71206,1353,69.22000122,0.150000006,174521,461.480011,0.109999999,1,461.480011,392.2600098,44.33000183,Southern Europe,Madrid,PENDING_PAYMENT,1353,66,,http://images.acmesports.sports/Porcelain+crafts,Porcelain crafts,461.480011,0,11/7/2017 10:16,Standard Class
DEBIT,3,4,47.3199997,181.9900055,Advance shipping,0,48,Water Sports,New York,EE. UU.,6843,Consumer,NY,7,Fan Shop,Pacific Asia,Bangkok,Tailandia,6843,11/8/2015 16:12,21352,1073,18.0,0.090000004,53395,199.9900055,0.25999999,1,199.9900055,181.9900055,47.3199997,Southeast Asia,Bangkok,ON_HOLD,1073,48,,http://images.acmesports.sports/Pelican+Sunstream+100+Kayak,Pelican Sunstream 100 Kayak,199.9900055,0,11/11/2015 16:12,Standard Class
CASH,2,1,2.460000038,122.8399963,Late delivery,1,18,Men's Footwear,La Mirada,EE. UU.,11099,Corporate,CA,4,Apparel,Pacific Asia,Murray Bridge,Australia,11099,11/8/2015 21:27,21367,403,7.150000095,0.059999999,53431,129.9900055,0.02,1,129.9900055,122.8399963,2.460000038,Oceania,Australia del Sur,CLOSED,403,18,,http://images.acmesports.sports/Nike+Men%27s+CJ+Elite+2+TD+Football+Cleat,Nike Men's CJ Elite 2 TD Football Cleat,129.9900055,0,11/10/2015 21:27,First Class
CASH,3,2,-38.61000061,128.6900024,Late delivery,1,18,Men's Footwear,Caguas,Puerto Rico,9332,Consumer,PR,4,Apparel,Pacific Asia,Arbil,Irak,9332,11/9/2016 1:51,46452,403,1.299999952,0.01,116146,129.9900055,-0.300000012,1,129.9900055,128.6900024,-38.61000061,West Asia,Arbil,CLOSED,403,18,,http://images.acmesports.sports/Nike+Men%27s+CJ+Elite+2+TD+Football+Cleat,Nike Men's CJ Elite 2 TD Football Cleat,129.9900055,0,11/12/2016 1:51,Second Class
PAYMENT,2,1,10.39999962,103.9899979,Late delivery,1,18,Men's Footwear,Bakersfield,EE. UU.,7656,Corporate,CA,4,Apparel,Pacific Asia,Gujranwala,Pakistán,7656,12/13/2015 13:10,23741,403,26.0,0.200000003,59405,129.9900055,0.100000001,1,129.9900055,103.9899979,10.39999962,South Asia,Punyab,PENDING_PAYMENT,403,18,,http://images.acmesports.sports/Nike+Men%27s+CJ+Elite+2+TD+Football+Cleat,Nike Men's CJ Elite 2 TD Football Cleat,129.9900055,0,12/15/2015 13:10,First Class
TRANSFER,2,1,6.96999979,55.79000092,Shipping canceled,0,17,Cleats,Caguas,Puerto Rico,9680,Consumer,PR,4,Apparel,Pacific Asia,Kuala Lumpur,Malasia,9680,12/13/2015 13:52,23743,365,4.199999809,0.07,59413,59.99000168,0.129999995,1,59.99000168,55.79000092,6.96999979,Southeast Asia,Kuala Lumpur,CANCELED,365,17,,http://images.acmesports.sports/Perfect+Fitness+Perfect+Rip+Deck,Perfect Fitness Perfect Rip Deck,59.99000168,0,12/15/2015 13:52,First Class
DEBIT,2,1,27.03000069,161.8699951,Late delivery,1,76,Women's Clothing,Caguas,Puerto Rico,17382,Consumer,PR,4,Apparel,Pacific Asia,Yangzhou,China,17382,12/13/2017 17:14,73829,1363,53.95999908,0.25,177144,215.8200073,0.170000002,1,215.8200073,161.8699951,27.03000069,Eastern Asia,Jiangsu,COMPLETE,1363,76,,http://images.acmesports.sports/Summer+dresses,Summer dresses,215.8200073,0,12/15/2017 17:14,First Class
TRANSFER,6,4,117.5899963,335.980011,Shipping canceled,0,45,Fishing,North Richland Hills,EE. UU.,7113,Corporate,TX,7,Fan Shop,USCA,Saskatoon,Canada,7113,12/14/2016 5:29,48860,1004,64.0,0.159999996,122168,399.980011,0.349999994,1,399.980011,335.980011,117.5899963,Canada,Saskatchewan,SUSPECTED_FRAUD,1004,45,,http://images.acmesports.sports/Field+%26+Stream+Sportsman+16+Gun+Fire+Safe,Field & Stream Sportsman 16 Gun Fire Safe,399.980011,0,12/20/2016 5:29,Standard Class
TRANSFER,1,0,22.73999977,45.47999954,Late delivery,1,46,Indoor/Outdoor Games,Fort Lauderdale,EE. UU.,2198,Corporate,FL,7,Fan Shop,Pacific Asia,Ho Chi Minh City,Vietnam,2198,12/16/2015 16:09,23955,1014,4.5,0.090000004,59972,49.97999954,0.5,1,49.97999954,45.47999954,22.73999977,Southeast Asia,Ciudad Ho Chi Minh,PROCESSING,1014,46,,http://images.acmesports.sports/O%27Brien+Men%27s+Neoprene+Life+Vest,O'Brien Men's Neoprene Life Vest,49.97999954,0,12/17/2015 4:09,Same Day
TRANSFER,6,2,-54.95000076,74.97000122,Late delivery,1,40,Accessories,Powder Springs,EE. UU.,7564,Consumer,GA,6,Outdoors,Pacific Asia,Sydney,Australia,7564,12/17/2015 6:10,23995,893,24.98999977,0.25,60053,24.98999977,-0.730000019,4,99.95999908,74.97000122,-54.95000076,Oceania,Nueva Gales del Sur,PENDING,893,40,,http://images.acmesports.sports/Team+Golf+Pittsburgh+Steelers+Putter+Grip,Team Golf Pittsburgh Steelers Putter Grip,24.98999977,0,12/23/2015 6:10,Second Class
DEBIT,2,2,39.97999954,118.2900009,Shipping on time,0,18,Men's Footwear,San Diego,EE. UU.,4595,Home Office,CA,4,Apparel,Pacific Asia,Sydney,Australia,4595,12/17/2015 6:31,23996,403,11.69999981,0.090000004,60055,129.9900055,0.340000004,1,129.9900055,118.2900009,39.97999954,Oceania,Nueva Gales del Sur,COMPLETE,403,18,,http://images.acmesports.sports/Nike+Men%27s+CJ+Elite+2+TD+Football+Cleat,Nike Men's CJ Elite 2 TD Football Cleat,129.9900055,0,12/19/2015 6:31,Second Class
PAYMENT,3,2,53.27999878,163.9299927,Late delivery,1,46,Indoor/Outdoor Games,Caguas,Puerto Rico,11076,Corporate,PR,7,Fan Shop,Pacific Asia,Riyadh,Arabia Saudí,11076,12/17/2016 6:00,49067,1014,35.99000168,0.180000007,122681,49.97999954,0.330000013,4,199.9199982,163.9299927,53.27999878,West Asia,Riad,PENDING_PAYMENT,1014,46,,http://images.acmesports.sports/O%27Brien+Men%27s+Neoprene+Life+Vest,O'Brien Men's Neoprene Life Vest,49.97999954,0,12/20/2016 6:00,Second Class
TRANSFER,5,4,67.3199997,395.980011,Late delivery,1,45,Fishing,Elk Grove,EE. UU.,9161,Consumer,CA,7,Fan Shop,Pacific Asia,Dumai,Indonesia,9161,12/18/2015 15:05,24089,1004,4.0,0.01,60272,399.980011,0.170000002,1,399.980011,395.980011,67.3199997,Southeast Asia,Riau,PENDING,1004,45,,http://images.acmesports.sports/Field+%26+Stream+Sportsman+16+Gun+Fire+Safe,Field & Stream Sportsman 16 Gun Fire Safe,399.980011,0,12/23/2015 15:05,Standard Class
CASH,3,2,40.68000031,359.980011,Late delivery,1,45,Fishing,Bloomfield,EE. UU.,1094,Consumer,NJ,7,Fan Shop,Pacific Asia,Xinghua,China,1094,12/18/2015 21:24,24107,1004,40.0,0.100000001,60316,399.980011,0.109999999,1,399.980011,359.980011,40.68000031,Eastern Asia,Jiangsu,CLOSED,1004,45,,http://images.acmesports.sports/Field+%26+Stream+Sportsman+16+Gun+Fire+Safe,Field & Stream Sportsman 16 Gun Fire Safe,399.980011,0,12/21/2015 21:24,Second Class
DEBIT,5,4,24.28000069,52.79000092,Late delivery,1,17,Cleats,Trujillo Alto,Puerto Rico,5874,Corporate,PR,4,Apparel,Africa,Agadir,Marruecos,5874,12/18/2016 15:59,49164,365,7.199999809,0.119999997,122932,59.99000168,0.460000008,1,59.99000168,52.79000092,24.28000069,North Africa,Sus-Masa-Draa,COMPLETE,365,17,,http://images.acmesports.sports/Perfect+Fitness+Perfect+Rip+Deck,Perfect Fitness Perfect Rip Deck,59.99000168,0,12/23/2016 15:59,Standard Class
TRANSFER,6,4,32.75999832,136.5,Late delivery,1,24,Women's Apparel,Hollywood,EE. UU.,11827,Consumer,FL,5,Golf,Pacific Asia,Surat,India,11827,12/2/2015 17:34,23000,502,13.5,0.090000004,57572,50.0,0.239999995,3,150.0,136.5,32.75999832,South Asia,Guyarat,PROCESSING,502,24,,http://images.acmesports.sports/Nike+Men%27s+Dri-FIT+Victory+Golf+Polo,Nike Men's Dri-FIT Victory Golf Polo,50.0,0,12/8/2015 17:34,Standard Class
DEBIT,5,4,-50.59999847,237.5599976,Late delivery,1,17,Cleats,Caguas,Puerto Rico,2248,Home Office,PR,4,Apparel,Pacific Asia,Ajmer,India,2248,12/2/2015 4:57,22964,365,2.400000095,0.01,57472,59.99000168,-0.209999993,4,239.9600067,237.5599976,-50.59999847,South Asia,Rajastán,COMPLETE,365,17,,http://images.acmesports.sports/Perfect+Fitness+Perfect+Rip+Deck,Perfect Fitness Perfect Rip Deck,59.99000168,0,12/7/2015 4:57,Standard Class
PAYMENT,2,4,18.75,150.0,Advance shipping,0,24,Women's Apparel,Caguas,Puerto Rico,633,Home Office,PR,5,Golf,Pacific Asia,Gladstone,Australia,633,12/2/2015 5:39,22966,502,50.0,0.25,57473,50.0,0.129999995,4,200.0,150.0,18.75,Oceania,Queensland,PENDING_PAYMENT,502,24,,http://images.acmesports.sports/Nike+Men%27s+Dri-FIT+Victory+Golf+Polo,Nike Men's Dri-FIT Victory Golf Polo,50.0,0,12/4/2015 5:39,Standard Class
PAYMENT,2,4,57.59999847,192.0,Advance shipping,0,24,Women's Apparel,Brooklyn,EE. UU.,3895,Consumer,NY,5,Golf,Europe,Makhachkala,Rusia,3895,12/2/2016 17:03,48071,502,8.0,0.039999999,120208,50.0,0.300000012,4,200.0,192.0,57.59999847,Eastern Europe,Daguestán,PENDING_PAYMENT,502,24,,http://images.acmesports.sports/Nike+Men%27s+Dri-FIT+Victory+Golf+Polo,Nike Men's Dri-FIT Victory Golf Polo,50.0,0,12/4/2016 17:03,Standard Class
DEBIT,5,4,34.04999924,129.4600067,Late delivery,1,37,Electronics,Caguas,Puerto Rico,3857,Consumer,PR,6,Outdoors,Africa,Arusha,Tanzania,3857,12/21/2016 1:47,49329,821,26.51000023,0.170000002,123317,51.99000168,0.25999999,3,155.9700012,129.4600067,34.04999924,East Africa,Arusha,COMPLETE,821,37,,http://images.acmesports.sports/Titleist+Pro+V1+High+Numbers+Personalized+Golf+Balls,Titleist Pro V1 High Numbers Personalized Gol,51.99000168,0,12/26/2016 1:47,Standard Class
DEBIT,5,2,7.559999943,377.980011,Late delivery,1,45,Fishing,San Antonio,EE. UU.,3519,Consumer,TX,7,Fan Shop,Pacific Asia,Bangalore,India,3519,12/22/2015 17:11,24369,1004,22.0,0.059999999,60952,399.980011,0.02,1,399.980011,377.980011,7.559999943,South Asia,Karnataka,COMPLETE,1004,45,,http://images.acmesports.sports/Field+%26+Stream+Sportsman+16+Gun+Fire+Safe,Field & Stream Sportsman 16 Gun Fire Safe,399.980011,0,12/27/2015 17:11,Second Class
PAYMENT,2,1,37.31000137,106.5899963,Late delivery,1,18,Men's Footwear,San Diego,EE. UU.,139,Home Office,CA,4,Apparel,Pacific Asia,Rangún,Myanmar (Birmania),139,12/22/2015 9:50,24348,403,23.39999962,0.180000007,60906,129.9900055,0.349999994,1,129.9900055,106.5899963,37.31000137,Southeast Asia,Rangún,PENDING_PAYMENT,403,18,,http://images.acmesports.sports/Nike+Men%27s+CJ+Elite+2+TD+Football+Cleat,Nike Men's CJ Elite 2 TD Football Cleat,129.9900055,0,12/24/2015 9:50,First Class
TRANSFER,2,4,43.84000015,151.1699982,Shipping canceled,0,17,Cleats,Chicago,EE. UU.,8060,Consumer,IL,4,Apparel,Pacific Asia,Rangún,Myanmar (Birmania),8060,12/24/2015 1:25,24461,365,28.79999924,0.159999996,61218,59.99000168,0.289999992,3,179.9700012,151.1699982,43.84000015,Southeast Asia,Rangún,CANCELED,365,17,,http://images.acmesports.sports/Perfect+Fitness+Perfect+Rip+Deck,Perfect Fitness Perfect Rip Deck,59.99000168,0,12/26/2015 1:25,Standard Class
TRANSFER,2,1,15.15999985,93.0,Shipping canceled,0,24,Women's Apparel,Caguas,Puerto Rico,1760,Consumer,PR,5,Golf,Europe,Praga,República Checa,1760,12/26/2016 3:00,49675,502,7.0,0.07,124176,50.0,0.159999996,2,100.0,93.0,15.15999985,Eastern Europe,Praga,CANCELED,502,24,,http://images.acmesports.sports/Nike+Men%27s+Dri-FIT+Victory+Golf+Polo,Nike Men's Dri-FIT Victory Golf Polo,50.0,0,12/28/2016 3:00,First Class
DEBIT,6,4,34.99000168,124.9499969,Late delivery,1,40,Accessories,Fresno,EE. UU.,6834,Consumer,CA,6,Outdoors,Pacific Asia,Lahore,Pakistán,6834,12/3/2015 4:05,23030,906,0.0,0.0,57657,24.98999977,0.280000001,5,124.9499969,124.9499969,34.99000168,South Asia,Punyab,COMPLETE,906,40,,http://images.acmesports.sports/Team+Golf+Tennessee+Volunteers+Putter+Grip,Team Golf Tennessee Volunteers Putter Grip,24.98999977,0,12/9/2015 4:05,Standard Class
PAYMENT,4,4,96.72000122,371.980011,Shipping on time,0,45,Fishing,Chicago,EE. UU.,7571,Consumer,IL,7,Fan Shop,Pacific Asia,Seúl,Corea del Sur,7571,12/30/2015 12:16,24903,1004,28.0,0.07,62401,399.980011,0.25999999,1,399.980011,371.980011,96.72000122,Eastern Asia,Seúl,PENDING_PAYMENT,1004,45,,http://images.acmesports.sports/Field+%26+Stream+Sportsman+16+Gun+Fire+Safe,Field & Stream Sportsman 16 Gun Fire Safe,399.980011,0,1/3/2016 12:16,Standard Class
DEBIT,2,4,13.36999989,118.2900009,Advance shipping,0,18,Men's Footwear,Dallas,EE. UU.,7814,Corporate,TX,4,Apparel,Africa,Marrakech,Marruecos,7814,12/30/2016 1:57,49946,403,11.69999981,0.090000004,124866,129.9900055,0.109999999,1,129.9900055,118.2900009,13.36999989,North Africa,Marrakech-Tensift-Al Hauz,COMPLETE,403,18,,http://images.acmesports.sports/Nike+Men%27s+CJ+Elite+2+TD+Football+Cleat,Nike Men's CJ Elite 2 TD Football Cleat,129.9900055,0,1/1/2017 1:57,Standard Class
PAYMENT,2,4,4.730000019,118.2900009,Advance shipping,0,18,Men's Footwear,Riverside,EE. UU.,10731,Consumer,CA,4,Apparel,Africa,Mogadishu,Somalia,10731,12/30/2016 21:13,50001,403,11.69999981,0.090000004,125011,129.9900055,0.039999999,1,129.9900055,118.2900009,4.730000019,East Africa,Benadir,PENDING_PAYMENT,403,18,,http://images.acmesports.sports/Nike+Men%27s+CJ+Elite+2+TD+Football+Cleat,Nike Men's CJ Elite 2 TD Football Cleat,129.9900055,0,1/1/2017 21:13,Standard Class
DEBIT,3,2,9.300000191,93.0,Late delivery,1,24,Women's Apparel,Piscataway,EE. UU.,1607,Corporate,NJ,5,Golf,Pacific Asia,Zhongxiang,China,1607,12/31/2015 14:12,24977,502,7.0,0.07,62584,50.0,0.100000001,2,100.0,93.0,9.300000191,Eastern Asia,Hubei,COMPLETE,502,24,,http://images.acmesports.sports/Nike+Men%27s+Dri-FIT+Victory+Golf+Polo,Nike Men's Dri-FIT Victory Golf Polo,50.0,0,1/3/2016 14:12,Second Class
TRANSFER,5,2,45.0,149.9900055,Late delivery,1,48,Water Sports,Caguas,Puerto Rico,5082,Corporate,PR,7,Fan Shop,USCA,London,Canada,5082,12/31/2016 0:01,50009,1073,50.0,0.25,125035,199.9900055,0.300000012,1,199.9900055,149.9900055,45.0,Canada,Ontario,PROCESSING,1073,48,,http://images.acmesports.sports/Pelican+Sunstream+100+Kayak,Pelican Sunstream 100 Kayak,199.9900055,0,1/5/2017 0:01,Second Class
CASH,4,4,52.40000153,109.1699982,Shipping on time,0,29,Shop By Sport,Caguas,Puerto Rico,911,Corporate,PR,5,Golf,Pacific Asia,Medan,Indonesia,911,12/4/2015 17:55,23138,627,10.80000019,0.090000004,57935,39.99000168,0.479999989,3,119.9700012,109.1699982,52.40000153,Southeast Asia,Sumatra Septentrional,CLOSED,627,29,,http://images.acmesports.sports/Under+Armour+Girls%27+Toddler+Spine+Surge+Running+Shoe,Under Armour Girls' Toddler Spine Surge Runni,39.99000168,0,12/8/2015 17:55,Standard Class
CASH,3,4,40.11000061,110.4899979,Advance shipping,0,18,Men's Footwear,Caguas,Puerto Rico,7215,Consumer,PR,4,Apparel,Europe,Zagreb,Croacia,7215,12/4/2016 16:42,48207,403,19.5,0.150000006,120562,129.9900055,0.360000014,1,129.9900055,110.4899979,40.11000061,Southern Europe,Grad Zagreb,CLOSED,403,18,,http://images.acmesports.sports/Nike+Men%27s+CJ+Elite+2+TD+Football+Cleat,Nike Men's CJ Elite 2 TD Football Cleat,129.9900055,0,12/7/2016 16:42,Standard Class
PAYMENT,4,4,76.04000092,224.9600067,Shipping on time,0,17,Cleats,Carol Stream,EE. UU.,9864,Consumer,IL,4,Apparel,Pacific Asia,Seúl,Corea del Sur,9864,12/5/2015 20:11,23213,365,74.98999786,0.25,58118,59.99000168,0.340000004,5,299.9500122,224.9600067,76.04000092,Eastern Asia,Seúl,PENDING_PAYMENT,365,17,,http://images.acmesports.sports/Perfect+Fitness+Perfect+Rip+Deck,Perfect Fitness Perfect Rip Deck,59.99000168,0,12/9/2015 20:11,Standard Class
CASH,5,4,-28.34000015,23.62000084,Late delivery,1,40,Accessories,Virginia Beach,EE. UU.,1898,Consumer,VA,6,Outdoors,Pacific Asia,Da Nang,Vietnam,1898,12/6/2015 15:49,23269,897,1.370000005,0.059999999,58266,24.98999977,-1.200000048,1,24.98999977,23.62000084,-28.34000015,Southeast Asia,Dà Nang,CLOSED,897,40,,http://images.acmesports.sports/Team+Golf+New+England+Patriots+Putter+Grip,Team Golf New England Patriots Putter Grip,24.98999977,0,12/11/2015 15:49,Standard Class
DEBIT,6,4,27.19000053,217.5,Late delivery,1,24,Women's Apparel,San Diego,EE. UU.,6776,Consumer,CA,5,Golf,Europe,Zagreb,Croacia,6776,12/7/2016 22:50,48430,502,32.5,0.129999995,121120,50.0,0.129999995,5,250.0,217.5,27.19000053,Southern Europe,Grad Zagreb,COMPLETE,502,24,,http://images.acmesports.sports/Nike+Men%27s+Dri-FIT+Victory+Golf+Polo,Nike Men's Dri-FIT Victory Golf Polo,50.0,0,12/13/2016 22:50,Standard Class
PAYMENT,2,4,40.79999924,254.9799957,Advance shipping,0,43,Camping & Hiking,Caguas,Puerto Rico,6113,Corporate,PR,7,Fan Shop,Europe,Oradea,Rumania,6113,12/8/2016 14:57,48476,957,45.0,0.150000006,121243,299.980011,0.159999996,1,299.980011,254.9799957,40.79999924,Eastern Europe,Bihor,PENDING_PAYMENT,957,43,,http://images.acmesports.sports/Diamondback+Women%27s+Serene+Classic+Comfort+Bike+2014,Diamondback Women's Serene Classic Comfort Bi,299.980011,0,12/10/2016 14:57,Standard Class
DEBIT,4,4,19.57999992,43.5,Shipping on time,0,24,Women's Apparel,Caguas,Puerto Rico,393,Corporate,PR,5,Golf,Pacific Asia,Mataram,Indonesia,393,2/1/2016 8:33,27153,502,6.5,0.129999995,68023,50.0,0.449999988,1,50.0,43.5,19.57999992,Southeast Asia,Nusatenggara Occidental,COMPLETE,502,24,,http://images.acmesports.sports/Nike+Men%27s+Dri-FIT+Victory+Golf+Polo,Nike Men's Dri-FIT Victory Golf Polo,50.0,0,2/5/2016 8:33,Standard Class
CASH,0,0,180.3000031,391.9599915,Shipping on time,0,9,Cardio Equipment,Raleigh,EE. UU.,1240,Consumer,NC,3,Footwear,LATAM,Cúcuta,Colombia,1240,2/1/2017 8:44,52226,191,8.0,0.02,130472,99.98999786,0.460000008,4,399.9599915,391.9599915,180.3000031,South America,Norte de Santander,CLOSED,191,9,,http://images.acmesports.sports/Nike+Men%27s+Free+5.0%2B+Running+Shoe,Nike Men's Free 5.0+ Running Shoe,99.98999786,0,2/1/2017 20:44,Same Day
TRANSFER,6,4,16.02000046,181.9900055,Late delivery,1,48,Water Sports,Long Beach,EE. UU.,2462,Consumer,CA,7,Fan Shop,Pacific Asia,Gold Coast,Australia,2462,2/10/2016 5:12,27760,1073,18.0,0.090000004,69492,199.9900055,0.090000004,1,199.9900055,181.9900055,16.02000046,Oceania,Queensland,PROCESSING,1073,48,,http://images.acmesports.sports/Pelican+Sunstream+100+Kayak,Pelican Sunstream 100 Kayak,199.9900055,0,2/16/2016 5:12,Standard Class
PAYMENT,6,4,21.78000069,247.5,Late delivery,1,24,Women's Apparel,Newburgh,EE. UU.,2581,Home Office,NY,5,Golf,LATAM,Vitória,Brasil,2581,2/11/2017 6:37,52905,502,2.5,0.01,132263,50.0,0.090000004,5,250.0,247.5,21.78000069,South America,Espíritu Santo,PENDING_PAYMENT,502,24,,http://images.acmesports.sports/Nike+Men%27s+Dri-FIT+Victory+Golf+Polo,Nike Men's Dri-FIT Victory Golf Polo,50.0,0,2/17/2017 6:37,Standard Class
PAYMENT,2,4,113.3499985,236.1600037,Advance shipping,0,46,Indoor/Outdoor Games,Mechanicsburg,EE. UU.,3839,Consumer,PA,7,Fan Shop,Pacific Asia,Coffs Harbour,Australia,3839,2/12/2016 8:21,27906,1014,13.73999977,0.059999999,69847,49.97999954,0.479999989,5,249.8999939,236.1600037,113.3499985,Oceania,Nueva Gales del Sur,PENDING_PAYMENT,1014,46,,http://images.acmesports.sports/O%27Brien+Men%27s+Neoprene+Life+Vest,O'Brien Men's Neoprene Life Vest,49.97999954,0,2/14/2016 8:21,Standard Class
TRANSFER,4,2,47.50999832,110.4899979,Late delivery,1,18,Men's Footwear,Paramount,EE. UU.,5499,Consumer,CA,4,Apparel,LATAM,Chihuahua,México,5499,2/13/2015 16:13,2993,403,19.5,0.150000006,7462,129.9900055,0.430000007,1,129.9900055,110.4899979,47.50999832,Central America,Chihuahua,PROCESSING,403,18,,http://images.acmesports.sports/Nike+Men%27s+CJ+Elite+2+TD+Football+Cleat,Nike Men's CJ Elite 2 TD Football Cleat,129.9900055,0,2/17/2015 16:13,Second Class
PAYMENT,6,4,52.5,150.0,Late delivery,1,24,Women's Apparel,Caguas,Puerto Rico,2942,Consumer,PR,5,Golf,LATAM,La Plata,Argentina,2942,2/15/2015 14:28,3125,502,0.0,0.0,7787,50.0,0.349999994,3,150.0,150.0,52.5,South America,Buenos Aires (provincia),PAYMENT_REVIEW,502,24,,http://images.acmesports.sports/Nike+Men%27s+Dri-FIT+Victory+Golf+Polo,Nike Men's Dri-FIT Victory Golf Polo,50.0,0,2/21/2015 14:28,Standard Class
PAYMENT,6,4,7.559999943,125.9499969,Late delivery,1,46,Indoor/Outdoor Games,Augusta,EE. UU.,8905,Consumer,GA,7,Fan Shop,Pacific Asia,Calamba,Filipinas,8905,2/16/2016 6:36,28175,1014,23.98999977,0.159999996,70460,49.97999954,0.059999999,3,149.9400024,125.9499969,7.559999943,Southeast Asia,Calabarzón,PENDING_PAYMENT,1014,46,,http://images.acmesports.sports/O%27Brien+Men%27s+Neoprene+Life+Vest,O'Brien Men's Neoprene Life Vest,49.97999954,0,2/22/2016 6:36,Standard Class
TRANSFER,3,4,-51.04999924,278.980011,Advance shipping,0,43,Camping & Hiking,Chino,EE. UU.,4813,Corporate,CA,7,Fan Shop,LATAM,Querétaro,México,4813,2/16/2017 8:11,53252,957,21.0,0.07,133070,299.980011,-0.180000007,1,299.980011,278.980011,-51.04999924,Central America,Querétaro,PROCESSING,957,43,,http://images.acmesports.sports/Diamondback+Women%27s+Serene+Classic+Comfort+Bike+2014,Diamondback Women's Serene Classic Comfort Bi,299.980011,0,2/19/2017 8:11,Standard Class
DEBIT,5,4,109.1900024,335.980011,Late delivery,1,45,Fishing,Manchester,EE. UU.,9405,Consumer,CT,7,Fan Shop,LATAM,Monterrey,México,9405,2/18/2015 1:41,3294,1004,64.0,0.159999996,8187,399.980011,0.330000013,1,399.980011,335.980011,109.1900024,Central America,Nuevo León,COMPLETE,1004,45,,http://images.acmesports.sports/Field+%26+Stream+Sportsman+16+Gun+Fire+Safe,Field & Stream Sportsman 16 Gun Fire Safe,399.980011,0,2/23/2015 1:41,Standard Class
PAYMENT,2,1,46.33000183,128.6900024,Late delivery,1,18,Men's Footwear,Los Angeles,EE. UU.,5781,Consumer,CA,4,Apparel,LATAM,Managua,Nicaragua,5781,2/18/2017 18:42,53419,403,1.299999952,0.01,133478,129.9900055,0.360000014,1,129.9900055,128.6900024,46.33000183,Central America,Managua,PENDING_PAYMENT,403,18,,http://images.acmesports.sports/Nike+Men%27s+CJ+Elite+2+TD+Football+Cleat,Nike Men's CJ Elite 2 TD Football Cleat,129.9900055,0,2/20/2017 18:42,First Class
PAYMENT,5,4,-491.980011,327.980011,Late delivery,1,45,Fishing,New Orleans,EE. UU.,11077,Consumer,LA,7,Fan Shop,LATAM,Buenos Aires,Argentina,11077,2/19/2017 17:28,53484,1004,72.0,0.180000007,133654,399.980011,-1.5,1,399.980011,327.980011,-491.980011,South America,Buenos Aires,PENDING_PAYMENT,1004,45,,http://images.acmesports.sports/Field+%26+Stream+Sportsman+16+Gun+Fire+Safe,Field & Stream Sportsman 16 Gun Fire Safe,399.980011,0,2/24/2017 17:28,Standard Class
DEBIT,2,1,7.28000021,97.0,Late delivery,1,24,Women's Apparel,Chino Hills,EE. UU.,9172,Consumer,CA,5,Golf,LATAM,Arapiraca,Brasil,9172,2/20/2015 16:44,3474,502,3.0,0.029999999,8631,50.0,0.079999998,2,100.0,97.0,7.28000021,South America,Alagoas,ON_HOLD,502,24,,http://images.acmesports.sports/Nike+Men%27s+Dri-FIT+Victory+Golf+Polo,Nike Men's Dri-FIT Victory Golf Polo,50.0,0,2/22/2015 16:44,First Class
DEBIT,2,4,78.30000305,173.9900055,Advance shipping,0,48,Water Sports,Toms River,EE. UU.,9600,Consumer,NJ,7,Fan Shop,LATAM,Querétaro,México,9600,2/20/2017 1:11,53506,1073,26.0,0.129999995,133708,199.9900055,0.449999988,1,199.9900055,173.9900055,78.30000305,Central America,Querétaro,ON_HOLD,1073,48,,http://images.acmesports.sports/Pelican+Sunstream+100+Kayak,Pelican Sunstream 100 Kayak,199.9900055,0,2/22/2017 1:11,Standard Class
TRANSFER,5,2,10.56000042,120.0,Late delivery,1,24,Women's Apparel,Irwin,EE. UU.,7595,Home Office,PA,5,Golf,LATAM,Mexico City,México,7595,2/22/2017 5:02,53654,502,30.0,0.200000003,134121,50.0,0.090000004,3,150.0,120.0,10.56000042,Central America,Distrito Federal,PROCESSING,502,24,,http://images.acmesports.sports/Nike+Men%27s+Dri-FIT+Victory+Golf+Polo,Nike Men's Dri-FIT Victory Golf Polo,50.0,0,2/27/2017 5:02,Second Class
TRANSFER,2,1,37.58000183,79.97000122,Late delivery,1,46,Indoor/Outdoor Games,Bend,EE. UU.,123,Corporate,OR,7,Fan Shop,LATAM,Puebla,México,123,2/24/2015 18:50,3754,1014,19.98999977,0.200000003,9334,49.97999954,0.469999999,2,99.95999908,79.97000122,37.58000183,Central America,Puebla,PENDING,1014,46,,http://images.acmesports.sports/O%27Brien+Men%27s+Neoprene+Life+Vest,O'Brien Men's Neoprene Life Vest,49.97999954,0,2/26/2015 18:50,First Class
CASH,2,1,75.90000153,242.5,Late delivery,1,24,Women's Apparel,Caguas,Puerto Rico,983,Corporate,PR,5,Golf,Pacific Asia,Yakarta,Indonesia,983,2/24/2016 18:30,28757,502,7.5,0.029999999,71982,50.0,0.310000002,5,250.0,242.5,75.90000153,Southeast Asia,Yakarta,CLOSED,502,24,,http://images.acmesports.sports/Nike+Men%27s+Dri-FIT+Victory+Golf+Polo,Nike Men's Dri-FIT Victory Golf Polo,50.0,0,2/26/2016 18:30,First Class
PAYMENT,0,0,69.09999847,153.5599976,Shipping on time,0,29,Shop By Sport,Caguas,Puerto Rico,2531,Consumer,PR,5,Golf,Pacific Asia,Lucknow,India,2531,2/25/2016 3:37,28783,627,6.400000095,0.039999999,72032,39.99000168,0.449999988,4,159.9600067,153.5599976,69.09999847,South Asia,Uttar Pradesh,PENDING_PAYMENT,627,29,,http://images.acmesports.sports/Under+Armour+Girls%27+Toddler+Spine+Surge+Running+Shoe,Under Armour Girls' Toddler Spine Surge Runni,39.99000168,0,2/25/2016 15:37,Same Day
DEBIT,3,4,11.73999977,43.47999954,Advance shipping,0,46,Indoor/Outdoor Games,Colorado Springs,EE. UU.,455,Consumer,CO,7,Fan Shop,LATAM,Soledad,Colombia,455,2/25/2017 19:55,53902,1014,6.5,0.129999995,134770,49.97999954,0.270000011,1,49.97999954,43.47999954,11.73999977,South America,Atlántico,COMPLETE,1014,46,,http://images.acmesports.sports/O%27Brien+Men%27s+Neoprene+Life+Vest,O'Brien Men's Neoprene Life Vest,49.97999954,0,2/28/2017 19:55,Standard Class
PAYMENT,2,4,10.07999992,20.98999977,Advance shipping,0,40,Accessories,Caguas,Puerto Rico,2477,Consumer,PR,6,Outdoors,LATAM,Maracaibo,Venezuela,2477,2/25/2017 21:19,53906,893,4.0,0.159999996,134781,24.98999977,0.479999989,1,24.98999977,20.98999977,10.07999992,South America,Zulia,PENDING_PAYMENT,893,40,,http://images.acmesports.sports/Team+Golf+Pittsburgh+Steelers+Putter+Grip,Team Golf Pittsburgh Steelers Putter Grip,24.98999977,0,2/27/2017 21:19,Standard Class
CASH,2,1,114.7900009,327.9700012,Late delivery,1,9,Cardio Equipment,Mentor,EE. UU.,2779,Consumer,OH,3,Footwear,LATAM,La Ceiba,Honduras,2779,2/26/2015 12:53,3874,191,71.98999786,0.180000007,9646,99.98999786,0.349999994,4,399.9599915,327.9700012,114.7900009,Central America,Atlántida,CLOSED,191,9,,http://images.acmesports.sports/Nike+Men%27s+Free+5.0%2B+Running+Shoe,Nike Men's Free 5.0+ Running Shoe,99.98999786,0,2/28/2015 12:53,First Class
DEBIT,3,4,25.92000008,53.99000168,Advance shipping,0,17,Cleats,Philadelphia,EE. UU.,71,Corporate,PA,4,Apparel,Pacific Asia,Kabul,Afganistán,71,2/27/2016 20:04,28967,365,6.0,0.100000001,72474,59.99000168,0.479999989,1,59.99000168,53.99000168,25.92000008,South Asia,Kabul,ON_HOLD,365,17,,http://images.acmesports.sports/Perfect+Fitness+Perfect+Rip+Deck,Perfect Fitness Perfect Rip Deck,59.99000168,0,3/1/2016 20:04,Standard Class
PAYMENT,6,4,81.83999634,185.9900055,Late delivery,1,48,Water Sports,Moreno Valley,EE. UU.,3600,Consumer,CA,7,Fan Shop,Pacific Asia,Manila,Filipinas,3600,2/29/2016 20:25,29105,1073,14.0,0.07,72827,199.9900055,0.439999998,1,199.9900055,185.9900055,81.83999634,Southeast Asia,Capital Nacional,PENDING_PAYMENT,1073,48,,http://images.acmesports.sports/Pelican+Sunstream+100+Kayak,Pelican Sunstream 100 Kayak,199.9900055,0,3/6/2016 20:25,Standard Class
DEBIT,6,2,40.77999878,127.4499969,Late delivery,1,46,Indoor/Outdoor Games,Augusta,EE. UU.,4187,Consumer,GA,7,Fan Shop,Pacific Asia,Townsville,Australia,4187,2/3/2016 3:17,27275,1014,22.48999977,0.150000006,68326,49.97999954,0.319999993,3,149.9400024,127.4499969,40.77999878,Oceania,Queensland,COMPLETE,1014,46,,http://images.acmesports.sports/O%27Brien+Men%27s+Neoprene+Life+Vest,O'Brien Men's Neoprene Life Vest,49.97999954,0,2/9/2016 3:17,Second Class
DEBIT,2,1,87.36000061,181.9900055,Late delivery,1,48,Water Sports,Caguas,Puerto Rico,1060,Corporate,PR,7,Fan Shop,LATAM,Santo Domingo,República Dominicana,1060,2/3/2017 11:32,52371,1073,18.0,0.090000004,130882,199.9900055,0.479999989,1,199.9900055,181.9900055,87.36000061,Caribbean,Santo Domingo,COMPLETE,1073,48,,http://images.acmesports.sports/Pelican+Sunstream+100+Kayak,Pelican Sunstream 100 Kayak,199.9900055,0,2/5/2017 11:32,First Class
TRANSFER,2,4,35.49000168,136.5,Advance shipping,0,24,Women's Apparel,Freeport,EE. UU.,3133,Home Office,NY,5,Golf,Pacific Asia,Daegu,Corea del Sur,3133,2/4/2016 9:25,27361,502,13.5,0.090000004,68516,50.0,0.25999999,3,150.0,136.5,35.49000168,Eastern Asia,Daegu,PROCESSING,502,24,,http://images.acmesports.sports/Nike+Men%27s+Dri-FIT+Victory+Golf+Polo,Nike Men's Dri-FIT Victory Golf Polo,50.0,0,2/6/2016 9:25,Standard Class
PAYMENT,2,1,50.95999908,196.0,Late delivery,1,24,Women's Apparel,Chicago,EE. UU.,6236,Corporate,IL,5,Golf,LATAM,Culiacán,México,6236,2/4/2017 8:54,52432,502,4.0,0.02,131055,50.0,0.25999999,4,200.0,196.0,50.95999908,Central America,Sinaloa,PENDING_PAYMENT,502,24,,http://images.acmesports.sports/Nike+Men%27s+Dri-FIT+Victory+Golf+Polo,Nike Men's Dri-FIT Victory Golf Polo,50.0,0,2/6/2017 8:54,First Class
TRANSFER,3,4,45.0,359.980011,Shipping canceled,0,45,Fishing,Caguas,Puerto Rico,620,Consumer,PR,7,Fan Shop,Pacific Asia,Zhuhai,China,620,2/6/2016 16:04,27517,1004,40.0,0.100000001,68871,399.980011,0.129999995,1,399.980011,359.980011,45.0,Eastern Asia,Guangdong,CANCELED,1004,45,,http://images.acmesports.sports/Field+%26+Stream+Sportsman+16+Gun+Fire+Safe,Field & Stream Sportsman 16 Gun Fire Safe,399.980011,0,2/9/2016 16:04,Standard Class
TRANSFER,5,4,50.09999847,299.980011,Late delivery,1,43,Camping & Hiking,Hendersonville,EE. UU.,6269,Consumer,TN,7,Fan Shop,Pacific Asia,Wollongong,Australia,6269,2/6/2016 20:17,27529,957,0.0,0.0,68907,299.980011,0.170000002,1,299.980011,299.980011,50.09999847,Oceania,Nueva Gales del Sur,PROCESSING,957,43,,http://images.acmesports.sports/Diamondback+Women%27s+Serene+Classic+Comfort+Bike+2014,Diamondback Women's Serene Classic Comfort Bi,299.980011,0,2/11/2016 20:17,Standard Class
DEBIT,5,4,110.1699982,351.980011,Late delivery,1,45,Fishing,Taylor,EE. UU.,17,Consumer,MI,7,Fan Shop,LATAM,Sorocaba,Brasil,17,2/6/2017 21:10,52604,1004,48.0,0.119999997,131486,399.980011,0.310000002,1,399.980011,351.980011,110.1699982,South America,São Paulo,COMPLETE,1004,45,,http://images.acmesports.sports/Field+%26+Stream+Sportsman+16+Gun+Fire+Safe,Field & Stream Sportsman 16 Gun Fire Safe,399.980011,0,2/11/2017 21:10,Standard Class
DEBIT,2,4,10.36999989,82.97000122,Advance shipping,0,46,Indoor/Outdoor Games,San Benito,EE. UU.,11457,Corporate,TX,7,Fan Shop,LATAM,Panama City,Panamá,11457,2/7/2015 22:53,2601,1014,16.98999977,0.170000002,6526,49.97999954,0.129999995,2,99.95999908,82.97000122,10.36999989,Central America,Panamá,COMPLETE,1014,46,,http://images.acmesports.sports/O%27Brien+Men%27s+Neoprene+Life+Vest,O'Brien Men's Neoprene Life Vest,49.97999954,0,2/9/2015 22:53,Standard Class
TRANSFER,6,2,11.98999977,27.87999916,Late delivery,1,36,Golf Balls,Baltimore,EE. UU.,307,Consumer,MD,6,Outdoors,LATAM,Artemisa,Cuba,307,2/8/2015 0:17,2605,793,2.099999905,0.07,6531,14.98999977,0.430000007,2,29.97999954,27.87999916,11.98999977,Caribbean,Artemisa,PENDING,793,36,,http://images.acmesports.sports/Hirzl+Women%27s+Hybrid+Golf+Glove,Hirzl Women's Hybrid Golf Glove,14.98999977,0,2/14/2015 0:17,Second Class
DEBIT,2,1,27.04999924,54.09999847,Late delivery,1,41,Trade-In,Pompano Beach,EE. UU.,1537,Corporate,FL,6,Outdoors,LATAM,Garza García,México,1537,2/9/2017 2:46,52757,917,11.86999989,0.180000007,131894,21.98999977,0.5,3,65.97000122,54.09999847,27.04999924,Central America,Nuevo León,COMPLETE,917,41,,http://images.acmesports.sports/Glove+It+Women%27s+Mod+Oval+3-Zip+Carry+All+Golf+Bag,Glove It Women's Mod Oval 3-Zip Carry All Gol,21.98999977,0,2/11/2017 2:46,First Class
CASH,4,2,12.51000023,39.97999954,Late delivery,1,46,Indoor/Outdoor Games,Caguas,Puerto Rico,6316,Home Office,PR,7,Fan Shop,LATAM,Celaya,México,6316,2/9/2017 4:52,52763,1014,10.0,0.200000003,131913,49.97999954,0.310000002,1,49.97999954,39.97999954,12.51000023,Central America,Guanajuato,CLOSED,1014,46,,http://images.acmesports.sports/O%27Brien+Men%27s+Neoprene+Life+Vest,O'Brien Men's Neoprene Life Vest,49.97999954,0,2/13/2017 4:52,Second Class
DEBIT,5,4,184.2299957,391.980011,Late delivery,1,45,Fishing,Chicago,EE. UU.,5487,Consumer,IL,7,Fan Shop,LATAM,Betim,Brasil,5487,3/1/2015 3:56,4054,1004,8.0,0.02,10081,399.980011,0.469999999,1,399.980011,391.980011,184.2299957,South America,Minas Gerais,COMPLETE,1004,45,,http://images.acmesports.sports/Field+%26+Stream+Sportsman+16+Gun+Fire+Safe,Field & Stream Sportsman 16 Gun Fire Safe,399.980011,0,3/6/2015 3:56,Standard Class
PAYMENT,5,4,-60.8199997,145.5,Late delivery,1,24,Women's Apparel,Caguas,Puerto Rico,10576,Corporate,PR,5,Golf,Pacific Asia,Baguio City,Filipinas,10576,3/1/2016 6:35,29134,502,4.5,0.029999999,72906,50.0,-0.419999987,3,150.0,145.5,-60.8199997,Southeast Asia,Cordillera,PAYMENT_REVIEW,502,24,,http://images.acmesports.sports/Nike+Men%27s+Dri-FIT+Victory+Golf+Polo,Nike Men's Dri-FIT Victory Golf Polo,50.0,0,3/6/2016 6:35,Standard Class
DEBIT,4,4,37.5699997,176.3699951,Shipping on time,0,17,Cleats,Philadelphia,EE. UU.,9377,Corporate,PA,4,Apparel,LATAM,San Pedro Sula,Honduras,9377,3/10/2015 6:33,4678,365,3.599999905,0.02,11728,59.99000168,0.209999993,3,179.9700012,176.3699951,37.5699997,Central America,Cortés,COMPLETE,365,17,,http://images.acmesports.sports/Perfect+Fitness+Perfect+Rip+Deck,Perfect Fitness Perfect Rip Deck,59.99000168,0,3/14/2015 6:33,Standard Class
CASH,5,4,-125.2099991,47.25,Late delivery,1,24,Women's Apparel,Caguas,Puerto Rico,354,Home Office,PR,5,Golf,Pacific Asia,Bogor,Indonesia,354,3/10/2016 7:48,29754,502,2.75,0.059999999,74453,50.0,-2.650000095,1,50.0,47.25,-125.2099991,Southeast Asia,Java Occidental,CLOSED,502,24,,http://images.acmesports.sports/Nike+Men%27s+Dri-FIT+Victory+Golf+Polo,Nike Men's Dri-FIT Victory Golf Polo,50.0,0,3/15/2016 7:48,Standard Class
DEBIT,2,1,35.70000076,149.9900055,Late delivery,1,48,Water Sports,Parkville,EE. UU.,2263,Consumer,MD,7,Fan Shop,Pacific Asia,Manila,Filipinas,2263,3/11/2016 8:40,29825,1073,50.0,0.25,74635,199.9900055,0.239999995,1,199.9900055,149.9900055,35.70000076,Southeast Asia,Capital Nacional,COMPLETE,1073,48,,http://images.acmesports.sports/Pelican+Sunstream+100+Kayak,Pelican Sunstream 100 Kayak,199.9900055,0,3/13/2016 8:40,First Class
PAYMENT,3,4,44.04999924,122.3700027,Advance shipping,0,37,Electronics,Toms River,EE. UU.,10821,Consumer,NJ,6,Outdoors,LATAM,Florencia,Colombia,10821,3/12/2015 12:30,4832,818,21.60000038,0.150000006,12094,47.99000168,0.360000014,3,143.9700012,122.3700027,44.04999924,South America,Caquetá,PENDING_PAYMENT,818,37,,http://images.acmesports.sports/Titleist+Pro+V1x+Golf+Balls,Titleist Pro V1x Golf Balls,47.99000168,0,3/15/2015 12:30,Standard Class
TRANSFER,3,4,-28.04000092,212.4199982,Advance shipping,0,46,Indoor/Outdoor Games,Detroit,EE. UU.,11671,Consumer,MI,7,Fan Shop,LATAM,Buenos Aires,Argentina,11671,3/12/2017 5:00,54887,1014,37.49000168,0.150000006,137280,49.97999954,-0.129999995,5,249.8999939,212.4199982,-28.04000092,South America,Buenos Aires,PENDING,1014,46,,http://images.acmesports.sports/O%27Brien+Men%27s+Neoprene+Life+Vest,O'Brien Men's Neoprene Life Vest,49.97999954,0,3/15/2017 5:00,Standard Class
PAYMENT,5,4,42.58000183,118.2900009,Late delivery,1,18,Men's Footwear,Beloit,EE. UU.,5254,Consumer,WI,4,Apparel,LATAM,Chinandega,Nicaragua,5254,3/14/2015 9:00,4959,403,11.69999981,0.090000004,12410,129.9900055,0.360000014,1,129.9900055,118.2900009,42.58000183,Central America,Chinandega,PENDING_PAYMENT,403,18,,http://images.acmesports.sports/Nike+Men%27s+CJ+Elite+2+TD+Football+Cleat,Nike Men's CJ Elite 2 TD Football Cleat,129.9900055,0,3/19/2015 9:00,Standard Class
PAYMENT,6,4,70.19000244,215.9600067,Late delivery,1,17,Cleats,Caguas,Puerto Rico,4670,Home Office,PR,4,Apparel,Pacific Asia,Melbourne,Australia,4670,3/15/2016 2:00,30080,365,24.0,0.100000001,75190,59.99000168,0.330000013,4,239.9600067,215.9600067,70.19000244,Oceania,Victoria,PENDING_PAYMENT,365,17,,http://images.acmesports.sports/Perfect+Fitness+Perfect+Rip+Deck,Perfect Fitness Perfect Rip Deck,59.99000168,0,3/21/2016 2:00,Standard Class
DEBIT,6,4,-45.5699997,242.3999939,Late delivery,1,46,Indoor/Outdoor Games,Atlanta,EE. UU.,2993,Consumer,GA,7,Fan Shop,LATAM,La Romana,República Dominicana,2993,3/15/2017 14:38,55120,1014,7.5,0.029999999,137835,49.97999954,-0.189999998,5,249.8999939,242.3999939,-45.5699997,Caribbean,La Romana,COMPLETE,1014,46,,http://images.acmesports.sports/O%27Brien+Men%27s+Neoprene+Life+Vest,O'Brien Men's Neoprene Life Vest,49.97999954,0,3/21/2017 14:38,Standard Class
DEBIT,2,1,64.12999725,136.4499969,Late delivery,1,46,Indoor/Outdoor Games,Caguas,Puerto Rico,11515,Corporate,PR,7,Fan Shop,LATAM,Buenos Aires,Argentina,11515,3/16/2015 21:16,5131,1014,13.48999977,0.090000004,12823,49.97999954,0.469999999,3,149.9400024,136.4499969,64.12999725,South America,Buenos Aires,COMPLETE,1014,46,,http://images.acmesports.sports/O%27Brien+Men%27s+Neoprene+Life+Vest,O'Brien Men's Neoprene Life Vest,49.97999954,0,3/18/2015 21:16,First Class
PAYMENT,6,4,13.18999958,131.9499969,Late delivery,1,46,Indoor/Outdoor Games,Caguas,Puerto Rico,11285,Corporate,PR,7,Fan Shop,LATAM,San Luis Potosí,México,11285,3/17/2017 8:40,55240,1014,17.98999977,0.119999997,138150,49.97999954,0.100000001,3,149.9400024,131.9499969,13.18999958,Central America,San Luis Potosí,PENDING_PAYMENT,1014,46,,http://images.acmesports.sports/O%27Brien+Men%27s+Neoprene+Life+Vest,O'Brien Men's Neoprene Life Vest,49.97999954,0,3/23/2017 8:40,Standard Class
DEBIT,2,4,16.78000069,148.5,Advance shipping,0,24,Women's Apparel,Chicago,EE. UU.,11947,Consumer,IL,5,Golf,LATAM,Itapeva,Brasil,11947,3/18/2015 20:33,5266,502,1.5,0.01,13154,50.0,0.109999999,3,150.0,148.5,16.78000069,South America,São Paulo,COMPLETE,502,24,,http://images.acmesports.sports/Nike+Men%27s+Dri-FIT+Victory+Golf+Polo,Nike Men's Dri-FIT Victory Golf Polo,50.0,0,3/20/2015 20:33,Standard Class
PAYMENT,3,4,9.5,158.3699951,Advance shipping,0,17,Cleats,Caguas,Puerto Rico,12047,Corporate,PR,4,Apparel,Pacific Asia,Porirua,Nueva Zelanda,12047,3/18/2016 20:03,30337,365,21.60000038,0.119999997,75831,59.99000168,0.059999999,3,179.9700012,158.3699951,9.5,Oceania,Wellington,PENDING_PAYMENT,365,17,,http://images.acmesports.sports/Perfect+Fitness+Perfect+Rip+Deck,Perfect Fitness Perfect Rip Deck,59.99000168,0,3/21/2016 20:03,Standard Class
TRANSFER,2,1,40.0,399.980011,Late delivery,1,45,Fishing,Detroit,EE. UU.,3977,Consumer,MI,7,Fan Shop,Pacific Asia,Timaru,Nueva Zelanda,3977,3/19/2016 17:04,30397,1004,0.0,0.0,75984,399.980011,0.100000001,1,399.980011,399.980011,40.0,Oceania,Canterbury,PENDING,1004,45,,http://images.acmesports.sports/Field+%26+Stream+Sportsman+16+Gun+Fire+Safe,Field & Stream Sportsman 16 Gun Fire Safe,399.980011,0,3/21/2016 17:04,First Class
DEBIT,2,2,14.25,189.9900055,Shipping on time,0,48,Water Sports,Caguas,Puerto Rico,10873,Corporate,PR,7,Fan Shop,Pacific Asia,Rotorua,Nueva Zelanda,10873,3/19/2016 2:42,30356,1073,10.0,0.050000001,75886,199.9900055,0.079999998,1,199.9900055,189.9900055,14.25,Oceania,Bay of Plenty,COMPLETE,1073,48,,http://images.acmesports.sports/Pelican+Sunstream+100+Kayak,Pelican Sunstream 100 Kayak,199.9900055,0,3/21/2016 2:42,Second Class
PAYMENT,6,4,-28.48999977,113.9700012,Late delivery,1,29,Shop By Sport,Ann Arbor,EE. UU.,5427,Home Office,MI,5,Golf,LATAM,Paraná,Argentina,5427,3/19/2017 16:44,55400,627,6.0,0.050000001,138561,39.99000168,-0.25,3,119.9700012,113.9700012,-28.48999977,South America,Entre Ríos,PENDING_PAYMENT,627,29,,http://images.acmesports.sports/Under+Armour+Girls%27+Toddler+Spine+Surge+Running+Shoe,Under Armour Girls' Toddler Spine Surge Runni,39.99000168,0,3/25/2017 16:44,Standard Class
PAYMENT,5,4,30.15999985,103.9899979,Late delivery,1,18,Men's Footwear,Caguas,Puerto Rico,8957,Home Office,PR,4,Apparel,LATAM,Juárez,México,8957,3/19/2017 21:38,55414,403,26.0,0.200000003,138604,129.9900055,0.289999992,1,129.9900055,103.9899979,30.15999985,Central America,Chihuahua,PENDING_PAYMENT,403,18,,http://images.acmesports.sports/Nike+Men%27s+CJ+Elite+2+TD+Football+Cleat,Nike Men's CJ Elite 2 TD Football Cleat,129.9900055,0,3/24/2017 21:38,Standard Class
DEBIT,2,4,-24.09000015,113.0899963,Advance shipping,0,18,Men's Footwear,Caguas,Puerto Rico,5855,Consumer,PR,4,Apparel,LATAM,Culiacán,México,5855,3/20/2015 7:35,5366,403,16.89999962,0.129999995,13394,129.9900055,-0.209999993,1,129.9900055,113.0899963,-24.09000015,Central America,Sinaloa,COMPLETE,403,18,,http://images.acmesports.sports/Nike+Men%27s+CJ+Elite+2+TD+Football+Cleat,Nike Men's CJ Elite 2 TD Football Cleat,129.9900055,0,3/22/2015 7:35,Standard Class
DEBIT,2,4,34.11999893,272.980011,Advance shipping,0,43,Camping & Hiking,Caguas,Puerto Rico,5855,Consumer,PR,7,Fan Shop,LATAM,Culiacán,México,5855,3/20/2015 7:35,5366,957,27.0,0.090000004,13395,299.980011,0.129999995,1,299.980011,272.980011,34.11999893,Central America,Sinaloa,COMPLETE,957,43,,http://images.acmesports.sports/Diamondback+Women%27s+Serene+Classic+Comfort+Bike+2014,Diamondback Women's Serene Classic Comfort Bi,299.980011,0,3/22/2015 7:35,Standard Class
DEBIT,4,4,15.28999996,44.97999954,Shipping on time,0,46,Indoor/Outdoor Games,Caguas,Puerto Rico,11530,Corporate,PR,7,Fan Shop,Pacific Asia,Bundaberg,Australia,11530,3/20/2016 2:10,30423,1014,5.0,0.100000001,76059,49.97999954,0.340000004,1,49.97999954,44.97999954,15.28999996,Oceania,Queensland,COMPLETE,1014,46,,http://images.acmesports.sports/O%27Brien+Men%27s+Neoprene+Life+Vest,O'Brien Men's Neoprene Life Vest,49.97999954,0,3/24/2016 2:10,Standard Class
DEBIT,3,4,81.47000122,290.9700012,Advance shipping,0,9,Cardio Equipment,Caguas,Puerto Rico,8881,Consumer,PR,3,Footwear,LATAM,San Pedro de Macorís,República Dominicana,8881,3/20/2017 14:27,55462,191,9.0,0.029999999,138720,99.98999786,0.280000001,3,299.9700012,290.9700012,81.47000122,Caribbean,San Pedro de Macorís,ON_HOLD,191,9,,http://images.acmesports.sports/Nike+Men%27s+Free+5.0%2B+Running+Shoe,Nike Men's Free 5.0+ Running Shoe,99.98999786,0,3/23/2017 14:27,Standard Class
DEBIT,5,4,10.68000031,28.48999977,Late delivery,1,44,Hunting & Shooting,Caguas,Puerto Rico,2668,Corporate,PR,7,Fan Shop,Pacific Asia,Wellington,Nueva Zelanda,2668,3/24/2016 8:07,30714,977,1.5,0.050000001,76718,29.98999977,0.379999995,1,29.98999977,28.48999977,10.68000031,Oceania,Wellington,COMPLETE,977,44,,http://images.acmesports.sports/ENO+Atlas+Hammock+Straps,ENO Atlas Hammock Straps,29.98999977,0,3/29/2016 8:07,Standard Class
TRANSFER,2,2,50.40000153,251.9799957,Shipping on time,0,43,Camping & Hiking,Caguas,Puerto Rico,11964,Consumer,PR,7,Fan Shop,LATAM,San Miguelito,Panamá,11964,3/24/2017 9:11,55721,957,48.0,0.159999996,139358,299.980011,0.200000003,1,299.980011,251.9799957,50.40000153,Central America,Panamá,PROCESSING,957,43,,http://images.acmesports.sports/Diamondback+Women%27s+Serene+Classic+Comfort+Bike+2014,Diamondback Women's Serene Classic Comfort Bi,299.980011,0,3/26/2017 9:11,Second Class
TRANSFER,5,4,32.25,115.1800003,Late delivery,1,17,Cleats,Stockton,EE. UU.,9819,Consumer,CA,4,Apparel,Pacific Asia,Auckland,Nueva Zelanda,9819,3/25/2016 13:54,30799,365,4.800000191,0.039999999,76941,59.99000168,0.280000001,2,119.9800034,115.1800003,32.25,Oceania,Auckland,PROCESSING,365,17,,http://images.acmesports.sports/Perfect+Fitness+Perfect+Rip+Deck,Perfect Fitness Perfect Rip Deck,59.99000168,0,3/30/2016 13:54,Standard Class
DEBIT,3,2,56.68999863,226.7599945,Late delivery,1,17,Cleats,Caguas,Puerto Rico,7449,Corporate,PR,4,Apparel,Pacific Asia,Caloundra,Australia,7449,3/26/2016 3:13,30837,365,13.19999981,0.059999999,77068,59.99000168,0.25,4,239.9600067,226.7599945,56.68999863,Oceania,Queensland,COMPLETE,365,17,,http://images.acmesports.sports/Perfect+Fitness+Perfect+Rip+Deck,Perfect Fitness Perfect Rip Deck,59.99000168,0,3/29/2016 3:13,Second Class
DEBIT,4,2,129.3500061,293.980011,Late delivery,1,43,Camping & Hiking,Fountain Valley,EE. UU.,3331,Consumer,CA,7,Fan Shop,LATAM,Lima,Perú,3331,3/27/2017 9:43,55928,957,6.0,0.02,139840,299.980011,0.439999998,1,299.980011,293.980011,129.3500061,South America,Lima (ciudad),COMPLETE,957,43,,http://images.acmesports.sports/Diamondback+Women%27s+Serene+Classic+Comfort+Bike+2014,Diamondback Women's Serene Classic Comfort Bi,299.980011,0,3/31/2017 9:43,Second Class
TRANSFER,2,4,92.01999664,293.980011,Advance shipping,0,43,Camping & Hiking,Caguas,Puerto Rico,3024,Corporate,PR,7,Fan Shop,LATAM,Monclova,México,3024,3/28/2015 8:17,5916,957,6.0,0.02,14722,299.980011,0.310000002,1,299.980011,293.980011,92.01999664,Central America,Coahuila,PROCESSING,957,43,,http://images.acmesports.sports/Diamondback+Women%27s+Serene+Classic+Comfort+Bike+2014,Diamondback Women's Serene Classic Comfort Bi,299.980011,0,3/30/2015 8:17,Standard Class
DEBIT,2,1,20.78000069,62.97999954,Late delivery,1,13,Electronics,Tempe,EE. UU.,1990,Home Office,AZ,3,Footwear,LATAM,Quito,Ecuador,1990,3/29/2015 21:04,6021,273,20.98999977,0.25,15003,27.98999977,0.330000013,3,83.97000122,62.97999954,20.78000069,South America,Pichincha,COMPLETE,273,13,,http://images.acmesports.sports/Under+Armour+Kids%27+Mercenary+Slide,Under Armour Kids' Mercenary Slide,27.98999977,0,3/31/2015 21:04,First Class
TRANSFER,2,1,19.72999954,41.97999954,Late delivery,1,46,Indoor/Outdoor Games,Portland,EE. UU.,11235,Corporate,OR,7,Fan Shop,Pacific Asia,Porirua,Nueva Zelanda,11235,3/29/2016 7:56,31056,1014,8.0,0.159999996,77618,49.97999954,0.469999999,1,49.97999954,41.97999954,19.72999954,Oceania,Wellington,PENDING,1014,46,,http://images.acmesports.sports/O%27Brien+Men%27s+Neoprene+Life+Vest,O'Brien Men's Neoprene Life Vest,49.97999954,0,3/31/2016 7:56,First Class
DEBIT,3,2,60.84000015,179.9900055,Late delivery,1,48,Water Sports,Columbus,EE. UU.,6897,Corporate,GA,7,Fan Shop,Pacific Asia,Porirua,Nueva Zelanda,6897,3/29/2016 8:18,31057,1073,20.0,0.100000001,77624,199.9900055,0.340000004,1,199.9900055,179.9900055,60.84000015,Oceania,Wellington,COMPLETE,1073,48,,http://images.acmesports.sports/Pelican+Sunstream+100+Kayak,Pelican Sunstream 100 Kayak,199.9900055,0,4/1/2016 8:18,Second Class
CASH,1,0,23.62000084,67.47000122,Late delivery,1,40,Accessories,Caguas,Puerto Rico,11582,Corporate,PR,6,Outdoors,Pacific Asia,Taizhou,China,11582,3/3/2016 22:00,29315,885,7.5,0.100000001,73346,24.98999977,0.349999994,3,74.97000122,67.47000122,23.62000084,Eastern Asia,Jiangsu,CLOSED,885,40,,http://images.acmesports.sports/Team+Golf+St.+Louis+Cardinals+Putter+Grip,Team Golf St. Louis Cardinals Putter Grip,24.98999977,0,3/4/2016 10:00,Same Day
DEBIT,2,1,0.0,141.75,Late delivery,1,24,Women's Apparel,Caguas,Puerto Rico,11109,Corporate,PR,5,Golf,LATAM,Tepic,México,11109,3/3/2017 16:03,54302,502,8.25,0.059999999,135789,50.0,0.0,3,150.0,141.75,0.0,Central America,Nayarit,COMPLETE,502,24,,http://images.acmesports.sports/Nike+Men%27s+Dri-FIT+Victory+Golf+Polo,Nike Men's Dri-FIT Victory Golf Polo,50.0,0,3/5/2017 16:03,First Class
CASH,0,0,20.15999985,95.98000336,Shipping on time,0,17,Cleats,Edinburg,EE. UU.,4500,Corporate,TX,4,Apparel,LATAM,Buenos Aires,Argentina,4500,3/30/2015 4:04,6041,365,24.0,0.200000003,15063,59.99000168,0.209999993,2,119.9800034,95.98000336,20.15999985,South America,Buenos Aires,CLOSED,365,17,,http://images.acmesports.sports/Perfect+Fitness+Perfect+Rip+Deck,Perfect Fitness Perfect Rip Deck,59.99000168,0,3/30/2015 16:04,Same Day
DEBIT,6,4,35.06000137,107.8899994,Late delivery,1,18,Men's Footwear,Cypress,EE. UU.,6913,Home Office,CA,4,Apparel,Pacific Asia,Lower Hutt,Nueva Zelanda,6913,3/30/2016 20:23,31160,403,22.10000038,0.170000002,77873,129.9900055,0.330000013,1,129.9900055,107.8899994,35.06000137,Oceania,Wellington,COMPLETE,403,18,,http://images.acmesports.sports/Nike+Men%27s+CJ+Elite+2+TD+Football+Cleat,Nike Men's CJ Elite 2 TD Football Cleat,129.9900055,0,4/5/2016 20:23,Standard Class
TRANSFER,1,0,-118.75,148.4400024,Late delivery,1,46,Indoor/Outdoor Games,Winnetka,EE. UU.,11186,Consumer,CA,7,Fan Shop,LATAM,Mixco,Guatemala,11186,3/30/2017 15:08,56149,1014,1.5,0.01,140428,49.97999954,-0.800000012,3,149.9400024,148.4400024,-118.75,Central America,Guatemala,PROCESSING,1014,46,,http://images.acmesports.sports/O%27Brien+Men%27s+Neoprene+Life+Vest,O'Brien Men's Neoprene Life Vest,49.97999954,0,3/31/2017 3:08,Same Day
TRANSFER,2,2,-207.0099945,118.2900009,Shipping on time,0,18,Men's Footwear,Caguas,Puerto Rico,3765,Consumer,PR,4,Apparel,LATAM,Guadalajara,México,3765,3/30/2017 3:35,56116,403,11.69999981,0.090000004,140336,129.9900055,-1.75,1,129.9900055,118.2900009,-207.0099945,Central America,Jalisco,PENDING,403,18,,http://images.acmesports.sports/Nike+Men%27s+CJ+Elite+2+TD+Football+Cleat,Nike Men's CJ Elite 2 TD Football Cleat,129.9900055,0,4/1/2017 3:35,Second Class
DEBIT,4,4,-166.5299988,244.8999939,Shipping on time,0,46,Indoor/Outdoor Games,Placentia,EE. UU.,3385,Home Office,CA,7,Fan Shop,Pacific Asia,Manukau City,Nueva Zelanda,3385,3/31/2016 21:57,31233,1014,5.0,0.02,78056,49.97999954,-0.680000007,5,249.8999939,244.8999939,-166.5299988,Oceania,Auckland,COMPLETE,1014,46,,http://images.acmesports.sports/O%27Brien+Men%27s+Neoprene+Life+Vest,O'Brien Men's Neoprene Life Vest,49.97999954,0,4/4/2016 21:57,Standard Class
DEBIT,4,2,184.2299957,391.980011,Late delivery,1,45,Fishing,Atlanta,EE. UU.,2993,Consumer,GA,7,Fan Shop,Pacific Asia,Whyalla,Australia,2993,3/4/2016 18:19,29373,1004,8.0,0.02,73486,399.980011,0.469999999,1,399.980011,391.980011,184.2299957,Oceania,Australia del Sur,ON_HOLD,1004,45,,http://images.acmesports.sports/Field+%26+Stream+Sportsman+16+Gun+Fire+Safe,Field & Stream Sportsman 16 Gun Fire Safe,399.980011,0,3/8/2016 18:19,Second Class
PAYMENT,4,2,95.8199997,283.480011,Late delivery,1,43,Camping & Hiking,Toa Alta,Puerto Rico,3817,Corporate,PR,7,Fan Shop,LATAM,Bogotá,Colombia,3817,3/4/2017 22:11,54388,957,16.5,0.059999999,136009,299.980011,0.340000004,1,299.980011,283.480011,95.8199997,South America,Bogotá,PENDING_PAYMENT,957,43,,http://images.acmesports.sports/Diamondback+Women%27s+Serene+Classic+Comfort+Bike+2014,Diamondback Women's Serene Classic Comfort Bi,299.980011,0,3/8/2017 22:11,Second Class
DEBIT,4,4,24.95000076,95.97000122,Shipping on time,0,44,Hunting & Shooting,Los Angeles,EE. UU.,12164,Consumer,CA,7,Fan Shop,LATAM,Mexico City,México,12164,3/5/2017 3:26,54403,977,23.98999977,0.200000003,136044,29.98999977,0.25999999,4,119.9599991,95.97000122,24.95000076,Central America,Distrito Federal,COMPLETE,977,44,,http://images.acmesports.sports/ENO+Atlas+Hammock+Straps,ENO Atlas Hammock Straps,29.98999977,0,3/9/2017 3:26,Standard Class
CASH,6,2,59.33000183,363.980011,Late delivery,1,45,Fishing,Kent,EE. UU.,9703,Home Office,WA,7,Fan Shop,LATAM,Zapopan,México,9703,3/6/2015 8:40,4410,1004,36.0,0.090000004,11041,399.980011,0.159999996,1,399.980011,363.980011,59.33000183,Central America,Jalisco,CLOSED,1004,45,,http://images.acmesports.sports/Field+%26+Stream+Sportsman+16+Gun+Fire+Safe,Field & Stream Sportsman 16 Gun Fire Safe,399.980011,0,3/12/2015 8:40,Second Class
DEBIT,6,4,11.73999977,156.5700073,Late delivery,1,17,Cleats,Caguas,Puerto Rico,7833,Home Office,PR,4,Apparel,LATAM,Guadalajara,México,7833,3/6/2017 20:26,54520,365,23.39999962,0.129999995,136356,59.99000168,0.079999998,3,179.9700012,156.5700073,11.73999977,Central America,Jalisco,COMPLETE,365,17,,http://images.acmesports.sports/Perfect+Fitness+Perfect+Rip+Deck,Perfect Fitness Perfect Rip Deck,59.99000168,0,3/12/2017 20:26,Standard Class
TRANSFER,6,4,7.25,116.9899979,Late delivery,1,18,Men's Footwear,Caguas,Puerto Rico,5848,Home Office,PR,4,Apparel,LATAM,San Pedro Sula,Honduras,5848,3/7/2015 7:26,4475,403,13.0,0.100000001,11192,129.9900055,0.059999999,1,129.9900055,116.9899979,7.25,Central America,Cortés,PROCESSING,403,18,,http://images.acmesports.sports/Nike+Men%27s+CJ+Elite+2+TD+Football+Cleat,Nike Men's CJ Elite 2 TD Football Cleat,129.9900055,0,3/13/2015 7:26,Standard Class
DEBIT,2,1,76.43000031,293.9500122,Late delivery,1,17,Cleats,Los Angeles,EE. UU.,8858,Consumer,CA,4,Apparel,LATAM,São Paulo,Brasil,8858,3/7/2017 4:29,54543,365,6.0,0.02,136416,59.99000168,0.25999999,5,299.9500122,293.9500122,76.43000031,South America,São Paulo,ON_HOLD,365,17,,http://images.acmesports.sports/Perfect+Fitness+Perfect+Rip+Deck,Perfect Fitness Perfect Rip Deck,59.99000168,0,3/9/2017 4:29,First Class
DEBIT,2,1,71.26999664,263.9700012,Late delivery,1,9,Cardio Equipment,Caguas,Puerto Rico,1082,Corporate,PR,3,Footwear,Pacific Asia,Yogyakarta,Indonesia,1082,3/8/2016 17:15,29644,191,36.0,0.119999997,74162,99.98999786,0.270000011,3,299.9700012,263.9700012,71.26999664,Southeast Asia,Yogyakarta,COMPLETE,191,9,,http://images.acmesports.sports/Nike+Men%27s+Free+5.0%2B+Running+Shoe,Nike Men's Free 5.0+ Running Shoe,99.98999786,0,3/10/2016 17:15,First Class
TRANSFER,6,4,24.98999977,50.99000168,Late delivery,1,17,Cleats,Las Vegas,EE. UU.,1215,Consumer,NV,4,Apparel,LATAM,Santo Domingo,República Dominicana,1215,3/8/2017 17:58,54650,365,9.0,0.150000006,136674,59.99000168,0.49000001,1,59.99000168,50.99000168,24.98999977,Caribbean,Santo Domingo,PROCESSING,365,17,,http://images.acmesports.sports/Perfect+Fitness+Perfect+Rip+Deck,Perfect Fitness Perfect Rip Deck,59.99000168,0,3/14/2017 17:58,Standard Class
TRANSFER,2,1,211.1799927,439.9599915,Late delivery,1,9,Cardio Equipment,Goose Creek,EE. UU.,2373,Consumer,SC,3,Footwear,Pacific Asia,Adelaide,Australia,2373,3/9/2016 9:01,29689,191,59.99000168,0.119999997,74278,99.98999786,0.479999989,5,499.9500122,439.9599915,211.1799927,Oceania,Australia del Sur,PENDING,191,9,,http://images.acmesports.sports/Nike+Men%27s+Free+5.0%2B+Running+Shoe,Nike Men's Free 5.0+ Running Shoe,99.98999786,0,3/11/2016 9:01,First Class
TRANSFER,1,0,52.77999878,181.9900055,Shipping canceled,0,48,Water Sports,Passaic,EE. UU.,4713,Corporate,NJ,7,Fan Shop,LATAM,Villavicencio,Colombia,4713,3/9/2017 19:33,54723,1073,18.0,0.090000004,136856,199.9900055,0.289999992,1,199.9900055,181.9900055,52.77999878,South America,Meta,SUSPECTED_FRAUD,1073,48,,http://images.acmesports.sports/Pelican+Sunstream+100+Kayak,Pelican Sunstream 100 Kayak,199.9900055,0,3/10/2017 7:33,Same Day
PAYMENT,4,4,-287.9500122,179.9700012,Shipping on time,0,17,Cleats,Caguas,Puerto Rico,625,Corporate,PR,4,Apparel,LATAM,Santiago de Cuba,Cuba,625,4/1/2015 19:50,6223,365,59.99000168,0.25,15573,59.99000168,-1.600000024,4,239.9600067,179.9700012,-287.9500122,Caribbean,Santiago de Cuba,PENDING_PAYMENT,365,17,,http://images.acmesports.sports/Perfect+Fitness+Perfect+Rip+Deck,Perfect Fitness Perfect Rip Deck,59.99000168,0,4/5/2015 19:50,Standard Class
PAYMENT,3,4,55.47999954,126.0899963,Advance shipping,0,18,Men's Footwear,Chicago,EE. UU.,6380,Consumer,IL,4,Apparel,LATAM,Saltillo,México,6380,4/1/2015 3:43,6177,403,3.900000095,0.029999999,15439,129.9900055,0.439999998,1,129.9900055,126.0899963,55.47999954,Central America,Coahuila,PENDING_PAYMENT,403,18,,http://images.acmesports.sports/Nike+Men%27s+CJ+Elite+2+TD+Football+Cleat,Nike Men's CJ Elite 2 TD Football Cleat,129.9900055,0,4/4/2015 3:43,Standard Class
DEBIT,5,4,13.51000023,39.97999954,Late delivery,1,46,Indoor/Outdoor Games,Caguas,Puerto Rico,2238,Corporate,PR,7,Fan Shop,Pacific Asia,Geelong,Australia,2238,4/1/2016 7:04,31259,1014,10.0,0.200000003,78116,49.97999954,0.340000004,1,49.97999954,39.97999954,13.51000023,Oceania,Victoria,COMPLETE,1014,46,,http://images.acmesports.sports/O%27Brien+Men%27s+Neoprene+Life+Vest,O'Brien Men's Neoprene Life Vest,49.97999954,0,4/6/2016 7:04,Standard Class
TRANSFER,5,4,-3.019999981,103.9899979,Shipping canceled,0,18,Men's Footwear,Caguas,Puerto Rico,437,Consumer,PR,4,Apparel,LATAM,Guantánamo,Cuba,437,4/1/2017 0:25,56244,403,26.0,0.200000003,140675,129.9900055,-0.029999999,1,129.9900055,103.9899979,-3.019999981,Caribbean,Guantánamo,SUSPECTED_FRAUD,403,18,,http://images.acmesports.sports/Nike+Men%27s+CJ+Elite+2+TD+Football+Cleat,Nike Men's CJ Elite 2 TD Football Cleat,129.9900055,0,4/6/2017 0:25,Standard Class
PAYMENT,1,0,37.18999863,119.9499969,Late delivery,1,46,Indoor/Outdoor Games,Caguas,Puerto Rico,2713,Consumer,PR,7,Fan Shop,LATAM,San Pedro Sula,Honduras,2713,4/10/2015 15:27,6827,1014,29.98999977,0.200000003,17090,49.97999954,0.310000002,3,149.9400024,119.9499969,37.18999863,Central America,Cortés,PENDING_PAYMENT,1014,46,,http://images.acmesports.sports/O%27Brien+Men%27s+Neoprene+Life+Vest,O'Brien Men's Neoprene Life Vest,49.97999954,0,4/11/2015 3:27,Same Day
TRANSFER,2,2,169.9900055,339.980011,Shipping on time,0,45,Fishing,Caguas,Puerto Rico,9833,Consumer,PR,7,Fan Shop,LATAM,Palma Soriano,Cuba,9833,4/10/2017 7:35,56881,1004,60.0,0.150000006,142274,399.980011,0.5,1,399.980011,339.980011,169.9900055,Caribbean,Santiago de Cuba,PROCESSING,1004,45,,http://images.acmesports.sports/Field+%26+Stream+Sportsman+16+Gun+Fire+Safe,Field & Stream Sportsman 16 Gun Fire Safe,399.980011,0,4/12/2017 7:35,Second Class
CASH,3,4,30.87999916,118.7699966,Advance shipping,0,29,Shop By Sport,Martinez,EE. UU.,18,Consumer,CA,5,Golf,LATAM,San Salvador,El Salvador,18,4/11/2015 21:13,6912,627,1.200000048,0.01,17307,39.99000168,0.25999999,3,119.9700012,118.7699966,30.87999916,Central America,San Salvador,CLOSED,627,29,,http://images.acmesports.sports/Under+Armour+Girls%27+Toddler+Spine+Surge+Running+Shoe,Under Armour Girls' Toddler Spine Surge Runni,39.99000168,0,4/14/2015 21:13,Standard Class
TRANSFER,2,4,-80.62999725,100.7799988,Advance shipping,0,17,Cleats,Miami,EE. UU.,11768,Consumer,FL,4,Apparel,USCA,Columbus,Estados Unidos,11768,4/11/2016 16:30,31971,365,19.20000076,0.159999996,79916,59.99000168,-0.800000012,2,119.9800034,100.7799988,-80.62999725,US Center ,Indiana,PROCESSING,365,17,,http://images.acmesports.sports/Perfect+Fitness+Perfect+Rip+Deck,Perfect Fitness Perfect Rip Deck,59.99000168,0,4/13/2016 16:30,Standard Class
DEBIT,3,2,-35.77000046,132.0,Late delivery,1,24,Women's Apparel,Newark,EE. UU.,2992,Corporate,OH,5,Golf,USCA,Austin,Estados Unidos,2992,4/12/2016 10:22,32022,502,18.0,0.119999997,80058,50.0,-0.270000011,3,150.0,132.0,-35.77000046,US Center ,Texas,COMPLETE,502,24,,http://images.acmesports.sports/Nike+Men%27s+Dri-FIT+Victory+Golf+Polo,Nike Men's Dri-FIT Victory Golf Polo,50.0,0,4/15/2016 10:22,Second Class
CASH,2,2,49.5699997,120.8899994,Shipping on time,0,18,Men's Footwear,Brownsville,EE. UU.,9761,Consumer,TX,4,Apparel,LATAM,Yaritagua,Venezuela,9761,4/12/2017 10:23,57026,403,9.100000381,0.07,142643,129.9900055,0.409999996,1,129.9900055,120.8899994,49.5699997,South America,Yaracuy,CLOSED,403,18,,http://images.acmesports.sports/Nike+Men%27s+CJ+Elite+2+TD+Football+Cleat,Nike Men's CJ Elite 2 TD Football Cleat,129.9900055,0,4/14/2017 10:23,Second Class
DEBIT,2,1,68.04000092,251.9799957,Late delivery,1,43,Camping & Hiking,Chicago,EE. UU.,750,Consumer,IL,7,Fan Shop,LATAM,Tipitapa,Nicaragua,750,4/12/2017 20:54,57056,957,48.0,0.159999996,142729,299.980011,0.270000011,1,299.980011,251.9799957,68.04000092,Central America,Managua,COMPLETE,957,43,,http://images.acmesports.sports/Diamondback+Women%27s+Serene+Classic+Comfort+Bike+2014,Diamondback Women's Serene Classic Comfort Bi,299.980011,0,4/14/2017 20:54,First Class
TRANSFER,4,4,-18.04000092,95.98000336,Shipping on time,0,17,Cleats,Spring Valley,EE. UU.,11567,Consumer,CA,4,Apparel,LATAM,Tipitapa,Nicaragua,11567,4/12/2017 21:36,57058,365,24.0,0.200000003,142734,59.99000168,-0.189999998,2,119.9800034,95.98000336,-18.04000092,Central America,Managua,PROCESSING,365,17,,http://images.acmesports.sports/Perfect+Fitness+Perfect+Rip+Deck,Perfect Fitness Perfect Rip Deck,59.99000168,0,4/16/2017 21:36,Standard Class
TRANSFER,5,4,24.19000053,67.18000031,Late delivery,1,29,Shop By Sport,Chicago,EE. UU.,9775,Consumer,IL,5,Golf,LATAM,Monterrey,México,9775,4/13/2015 19:28,7044,627,12.80000019,0.159999996,17633,39.99000168,0.360000014,2,79.98000336,67.18000031,24.19000053,Central America,Nuevo León,PROCESSING,627,29,,http://images.acmesports.sports/Under+Armour+Girls%27+Toddler+Spine+Surge+Running+Shoe,Under Armour Girls' Toddler Spine Surge Runni,39.99000168,0,4/18/2015 19:28,Standard Class
PAYMENT,6,4,5.909999847,34.79000092,Late delivery,1,29,Shop By Sport,Memphis,EE. UU.,1446,Consumer,TN,5,Golf,LATAM,Criciúma,Brasil,1446,4/13/2017 8:49,57090,627,5.199999809,0.129999995,142803,39.99000168,0.170000002,1,39.99000168,34.79000092,5.909999847,South America,Santa Catarina,PENDING_PAYMENT,627,29,,http://images.acmesports.sports/Under+Armour+Girls%27+Toddler+Spine+Surge+Running+Shoe,Under Armour Girls' Toddler Spine Surge Runni,39.99000168,0,4/19/2017 8:49,Standard Class
PAYMENT,4,4,62.77999878,232.5,Shipping on time,0,24,Women's Apparel,San Diego,EE. UU.,6870,Home Office,CA,5,Golf,LATAM,Manzanillo,Cuba,6870,4/14/2015 3:53,7068,502,17.5,0.07,17696,50.0,0.270000011,5,250.0,232.5,62.77999878,Caribbean,Granma,PENDING_PAYMENT,502,24,,http://images.acmesports.sports/Nike+Men%27s+Dri-FIT+Victory+Golf+Polo,Nike Men's Dri-FIT Victory Golf Polo,50.0,0,4/18/2015 3:53,Standard Class
CASH,2,2,17.70999908,236.1600037,Shipping on time,0,46,Indoor/Outdoor Games,La Mesa,EE. UU.,946,Corporate,CA,7,Fan Shop,USCA,Chicago,Estados Unidos,946,4/16/2016 13:52,32306,1014,13.73999977,0.059999999,80797,49.97999954,0.079999998,5,249.8999939,236.1600037,17.70999908,US Center ,Illinois,CLOSED,1014,46,,http://images.acmesports.sports/O%27Brien+Men%27s+Neoprene+Life+Vest,O'Brien Men's Neoprene Life Vest,49.97999954,0,4/18/2016 13:52,Second Class
DEBIT,2,4,178.5899963,379.980011,Advance shipping,0,45,Fishing,Strongsville,EE. UU.,6970,Corporate,OH,7,Fan Shop,LATAM,Mexico City,México,6970,4/19/2015 18:04,7451,1004,20.0,0.050000001,18682,399.980011,0.469999999,1,399.980011,379.980011,178.5899963,Central America,Distrito Federal,COMPLETE,1004,45,,http://images.acmesports.sports/Field+%26+Stream+Sportsman+16+Gun+Fire+Safe,Field & Stream Sportsman 16 Gun Fire Safe,399.980011,0,4/21/2015 18:04,Standard Class
DEBIT,3,4,-67.8199997,284.9500122,Advance shipping,0,17,Cleats,Caguas,Puerto Rico,7566,Consumer,PR,4,Apparel,USCA,Lakewood,Estados Unidos,7566,4/19/2016 1:47,32477,365,15.0,0.050000001,81231,59.99000168,-0.239999995,5,299.9500122,284.9500122,-67.8199997,East of USA,Nueva Jersey,COMPLETE,365,17,,http://images.acmesports.sports/Perfect+Fitness+Perfect+Rip+Deck,Perfect Fitness Perfect Rip Deck,59.99000168,0,4/22/2016 1:47,Standard Class
DEBIT,4,4,80.08000183,286.0,Shipping on time,0,33,Golf Shoes,Caguas,Puerto Rico,6977,Consumer,PR,6,Outdoors,LATAM,Panama City,Panamá,6977,4/19/2017 14:46,57518,728,39.0,0.119999997,143889,65.0,0.280000001,5,325.0,286.0,80.08000183,Central America,Panamá,COMPLETE,728,33,,http://images.acmesports.sports/LIJA+Women%27s+Eyelet+Sleeveless+Golf+Polo,LIJA Women's Eyelet Sleeveless Golf Polo,65.0,0,4/23/2017 14:46,Standard Class
TRANSFER,3,2,2.359999895,236.1600037,Late delivery,1,46,Indoor/Outdoor Games,Caguas,Puerto Rico,10511,Corporate,PR,7,Fan Shop,USCA,Springfield,Estados Unidos,10511,4/20/2016 19:49,32597,1014,13.73999977,0.059999999,81529,49.97999954,0.01,5,249.8999939,236.1600037,2.359999895,South of  USA ,Virginia,PENDING,1014,46,,http://images.acmesports.sports/O%27Brien+Men%27s+Neoprene+Life+Vest,O'Brien Men's Neoprene Life Vest,49.97999954,0,4/23/2016 19:49,Second Class
TRANSFER,4,4,29.73999977,95.0,Shipping canceled,0,24,Women's Apparel,Katy,EE. UU.,8055,Consumer,TX,5,Golf,USCA,Cincinnati,Estados Unidos,8055,4/21/2016 3:11,32618,502,5.0,0.050000001,81597,50.0,0.310000002,2,100.0,95.0,29.73999977,East of USA,Ohio,SUSPECTED_FRAUD,502,24,,http://images.acmesports.sports/Nike+Men%27s+Dri-FIT+Victory+Golf+Polo,Nike Men's Dri-FIT Victory Golf Polo,50.0,0,4/25/2016 3:11,Standard Class
DEBIT,5,4,35.79999924,114.3899994,Late delivery,1,18,Men's Footwear,Caguas,Puerto Rico,4118,Corporate,PR,4,Apparel,LATAM,Choloma,Honduras,4118,4/22/2015 1:25,7609,403,15.60000038,0.119999997,19045,129.9900055,0.310000002,1,129.9900055,114.3899994,35.79999924,Central America,Cortés,COMPLETE,403,18,,http://images.acmesports.sports/Nike+Men%27s+CJ+Elite+2+TD+Football+Cleat,Nike Men's CJ Elite 2 TD Football Cleat,129.9900055,0,4/27/2015 1:25,Standard Class
TRANSFER,2,4,17.28000069,45.47999954,Shipping canceled,0,46,Indoor/Outdoor Games,Caguas,Puerto Rico,5197,Home Office,PR,7,Fan Shop,LATAM,Cúa,Venezuela,5197,4/22/2015 23:08,7671,1014,4.5,0.090000004,19198,49.97999954,0.379999995,1,49.97999954,45.47999954,17.28000069,South America,Miranda,SUSPECTED_FRAUD,1014,46,,http://images.acmesports.sports/O%27Brien+Men%27s+Neoprene+Life+Vest,O'Brien Men's Neoprene Life Vest,49.97999954,0,4/24/2015 23:08,Standard Class
CASH,6,2,41.74000168,86.97000122,Late delivery,1,46,Indoor/Outdoor Games,Meridian,EE. UU.,569,Consumer,ID,7,Fan Shop,USCA,Jackson,Estados Unidos,569,4/23/2016 11:56,32780,1014,12.98999977,0.129999995,81993,49.97999954,0.479999989,2,99.95999908,86.97000122,41.74000168,South of  USA ,Tennessee,CLOSED,1014,46,,http://images.acmesports.sports/O%27Brien+Men%27s+Neoprene+Life+Vest,O'Brien Men's Neoprene Life Vest,49.97999954,0,4/29/2016 11:56,Second Class
TRANSFER,3,4,23.95000076,50.97000122,Shipping canceled,0,36,Golf Balls,Wheeling,EE. UU.,5126,Consumer,WV,6,Outdoors,LATAM,Managua,Nicaragua,5126,4/24/2015 8:46,7767,792,8.989999771,0.150000006,19421,14.98999977,0.469999999,4,59.95999908,50.97000122,23.95000076,Central America,Managua,CANCELED,792,36,,http://images.acmesports.sports/Hirzl+Men%27s+Hybrid+Golf+Glove,Hirzl Men's Hybrid Golf Glove,14.98999977,0,4/27/2015 8:46,Standard Class
DEBIT,2,4,100.7900009,359.980011,Advance shipping,0,45,Fishing,Las Vegas,EE. UU.,9736,Consumer,NV,7,Fan Shop,LATAM,Panama City,Panamá,9736,4/24/2017 7:55,57841,1004,40.0,0.100000001,144729,399.980011,0.280000001,1,399.980011,359.980011,100.7900009,Central America,Panamá,COMPLETE,1004,45,,http://images.acmesports.sports/Field+%26+Stream+Sportsman+16+Gun+Fire+Safe,Field & Stream Sportsman 16 Gun Fire Safe,399.980011,0,4/26/2017 7:55,Standard Class
DEBIT,4,2,31.86000061,66.37999725,Late delivery,1,29,Shop By Sport,Caguas,Puerto Rico,612,Home Office,PR,5,Golf,USCA,Eagan,Estados Unidos,612,4/25/2016 10:32,32913,627,13.60000038,0.170000002,82321,39.99000168,0.479999989,2,79.98000336,66.37999725,31.86000061,US Center ,Minnesota,COMPLETE,627,29,,http://images.acmesports.sports/Under+Armour+Girls%27+Toddler+Spine+Surge+Running+Shoe,Under Armour Girls' Toddler Spine Surge Runni,39.99000168,0,4/29/2016 10:32,Second Class
PAYMENT,5,4,105.8300018,391.980011,Late delivery,1,45,Fishing,San Pablo,EE. UU.,11089,Consumer,CA,7,Fan Shop,LATAM,Santo Domingo,República Dominicana,11089,4/26/2015 7:01,7899,1004,8.0,0.02,19736,399.980011,0.270000011,1,399.980011,391.980011,105.8300018,Caribbean,Santo Domingo,PENDING_PAYMENT,1004,45,,http://images.acmesports.sports/Field+%26+Stream+Sportsman+16+Gun+Fire+Safe,Field & Stream Sportsman 16 Gun Fire Safe,399.980011,0,5/1/2015 7:01,Standard Class
TRANSFER,3,4,52.25,143.9400024,Advance shipping,0,46,Indoor/Outdoor Games,New Castle,EE. UU.,5227,Consumer,DE,7,Fan Shop,LATAM,Durango,México,5227,4/26/2017 7:34,57977,1014,6.0,0.039999999,145058,49.97999954,0.360000014,3,149.9400024,143.9400024,52.25,Central America,Durango,PENDING,1014,46,,http://images.acmesports.sports/O%27Brien+Men%27s+Neoprene+Life+Vest,O'Brien Men's Neoprene Life Vest,49.97999954,0,4/29/2017 7:34,Standard Class
PAYMENT,2,4,54.59999847,272.980011,Advance shipping,0,43,Camping & Hiking,Perth Amboy,EE. UU.,2017,Consumer,NJ,7,Fan Shop,LATAM,Managua,Nicaragua,2017,4/27/2017 5:59,58041,957,27.0,0.090000004,145216,299.980011,0.200000003,1,299.980011,272.980011,54.59999847,Central America,Managua,PAYMENT_REVIEW,957,43,,http://images.acmesports.sports/Diamondback+Women%27s+Serene+Classic+Comfort+Bike+2014,Diamondback Women's Serene Classic Comfort Bi,299.980011,0,4/29/2017 5:59,Standard Class
DEBIT,5,4,35.15000153,103.9899979,Late delivery,1,18,Men's Footwear,Caguas,Puerto Rico,720,Consumer,PR,4,Apparel,LATAM,Antiguo Cuscatlán,El Salvador,720,4/28/2017 16:19,58139,403,26.0,0.200000003,145484,129.9900055,0.340000004,1,129.9900055,103.9899979,35.15000153,Central America,La Libertad,ON_HOLD,403,18,,http://images.acmesports.sports/Nike+Men%27s+CJ+Elite+2+TD+Football+Cleat,Nike Men's CJ Elite 2 TD Football Cleat,129.9900055,0,5/3/2017 16:19,Standard Class
DEBIT,6,2,49.86000061,142.4400024,Late delivery,1,46,Indoor/Outdoor Games,Caguas,Puerto Rico,9593,Consumer,PR,7,Fan Shop,USCA,Philadelphia,Estados Unidos,9593,4/4/2016 17:45,31495,1014,7.5,0.050000001,78701,49.97999954,0.349999994,3,149.9400024,142.4400024,49.86000061,East of USA,Pensilvania,COMPLETE,1014,46,,http://images.acmesports.sports/O%27Brien+Men%27s+Neoprene+Life+Vest,O'Brien Men's Neoprene Life Vest,49.97999954,0,4/10/2016 17:45,Second Class
DEBIT,3,4,76.77999878,159.9600067,Advance shipping,0,29,Shop By Sport,Beloit,EE. UU.,9359,Home Office,WI,5,Golf,LATAM,Bogotá,Colombia,9359,4/4/2017 17:03,56497,627,39.99000168,0.200000003,141333,39.99000168,0.479999989,5,199.9499969,159.9600067,76.77999878,South America,Bogotá,COMPLETE,627,29,,http://images.acmesports.sports/Under+Armour+Girls%27+Toddler+Spine+Surge+Running+Shoe,Under Armour Girls' Toddler Spine Surge Runni,39.99000168,0,4/7/2017 17:03,Standard Class
DEBIT,2,1,-59.5,148.75,Late delivery,1,37,Electronics,San Diego,EE. UU.,12248,Consumer,CA,6,Outdoors,LATAM,Managua,Nicaragua,12248,4/5/2017 1:49,56522,828,11.19999981,0.07,141380,31.98999977,-0.400000006,5,159.9499969,148.75,-59.5,Central America,Managua,COMPLETE,828,37,,http://images.acmesports.sports/Bridgestone+e6+Straight+Distance+NFL+San+Diego+Chargers...,Bridgestone e6 Straight Distance NFL San Dieg,31.98999977,0,4/7/2017 1:49,First Class
TRANSFER,2,1,30.5699997,109.1699982,Late delivery,1,29,Shop By Sport,Denver,EE. UU.,10400,Corporate,CO,5,Golf,LATAM,Lagos de Moreno,México,10400,4/6/2017 9:42,56613,627,10.80000019,0.090000004,141608,39.99000168,0.280000001,3,119.9700012,109.1699982,30.5699997,Central America,Jalisco,PENDING,627,29,,http://images.acmesports.sports/Under+Armour+Girls%27+Toddler+Spine+Surge+Running+Shoe,Under Armour Girls' Toddler Spine Surge Runni,39.99000168,0,4/8/2017 9:42,First Class
DEBIT,5,4,10.43999958,347.980011,Late delivery,1,45,Fishing,El Cajon,EE. UU.,1600,Consumer,CA,7,Fan Shop,LATAM,San Pedro Sula,Honduras,1600,4/8/2015 20:21,6704,1004,52.0,0.129999995,16755,399.980011,0.029999999,1,399.980011,347.980011,10.43999958,Central America,Cortés,COMPLETE,1004,45,,http://images.acmesports.sports/Field+%26+Stream+Sportsman+16+Gun+Fire+Safe,Field & Stream Sportsman 16 Gun Fire Safe,399.980011,0,4/13/2015 20:21,Standard Class
DEBIT,4,2,59.15000153,188.9900055,Late delivery,1,48,Water Sports,Flushing,EE. UU.,215,Home Office,NY,7,Fan Shop,LATAM,Chimaltenango,Guatemala,215,4/9/2015 10:01,6743,1073,11.0,0.059999999,16852,199.9900055,0.310000002,1,199.9900055,188.9900055,59.15000153,Central America,Chimaltenango,COMPLETE,1073,48,,http://images.acmesports.sports/Pelican+Sunstream+100+Kayak,Pelican Sunstream 100 Kayak,199.9900055,0,4/13/2015 10:01,Second Class
CASH,6,4,-1.879999995,75.0,Late delivery,1,24,Women's Apparel,Dallas,EE. UU.,7814,Corporate,TX,5,Golf,USCA,Great Falls,Estados Unidos,7814,4/9/2016 9:51,31815,502,25.0,0.25,79494,50.0,-0.029999999,2,100.0,75.0,-1.879999995,West of USA ,Montana,CLOSED,502,24,,http://images.acmesports.sports/Nike+Men%27s+Dri-FIT+Victory+Golf+Polo,Nike Men's Dri-FIT Victory Golf Polo,50.0,0,4/15/2016 9:51,Standard Class
DEBIT,6,4,24.0,50.0,Late delivery,1,24,Women's Apparel,Caguas,Puerto Rico,4320,Consumer,PR,5,Golf,LATAM,Mexicali,México,4320,5/1/2015 18:45,8275,502,0.0,0.0,20677,50.0,0.479999989,1,50.0,50.0,24.0,Central America,Baja California,COMPLETE,502,24,,http://images.acmesports.sports/Nike+Men%27s+Dri-FIT+Victory+Golf+Polo,Nike Men's Dri-FIT Victory Golf Polo,50.0,0,5/7/2015 18:45,Standard Class
CASH,6,4,48.45000076,127.5,Late delivery,1,24,Women's Apparel,Lakewood,EE. UU.,10440,Corporate,NJ,5,Golf,LATAM,Mixco,Guatemala,10440,5/1/2017 11:14,58330,502,22.5,0.150000006,145980,50.0,0.379999995,3,150.0,127.5,48.45000076,Central America,Guatemala,CLOSED,502,24,,http://images.acmesports.sports/Nike+Men%27s+Dri-FIT+Victory+Golf+Polo,Nike Men's Dri-FIT Victory Golf Polo,50.0,0,5/7/2017 11:14,Standard Class
DEBIT,2,4,67.48999786,269.9599915,Advance shipping,0,17,Cleats,Caguas,Puerto Rico,9845,Home Office,PR,4,Apparel,LATAM,Arcoverde,Brasil,9845,5/10/2017 19:49,58971,365,30.0,0.100000001,147623,59.99000168,0.25,5,299.9500122,269.9599915,67.48999786,South America,Pernambuco,COMPLETE,365,17,,http://images.acmesports.sports/Perfect+Fitness+Perfect+Rip+Deck,Perfect Fitness Perfect Rip Deck,59.99000168,0,5/12/2017 19:49,Standard Class
DEBIT,0,0,57.88999939,148.4400024,Shipping on time,0,46,Indoor/Outdoor Games,Lindenhurst,EE. UU.,7896,Consumer,NY,7,Fan Shop,LATAM,San Miguelito,Panamá,7896,5/11/2017 3:52,58994,1014,1.5,0.01,147673,49.97999954,0.389999986,3,149.9400024,148.4400024,57.88999939,Central America,Panamá,COMPLETE,1014,46,,http://images.acmesports.sports/O%27Brien+Men%27s+Neoprene+Life+Vest,O'Brien Men's Neoprene Life Vest,49.97999954,0,5/11/2017 15:52,Same Day
CASH,6,2,70.0,200.0,Late delivery,1,24,Women's Apparel,Broken Arrow,EE. UU.,3184,Consumer,OK,5,Golf,LATAM,Puebla,México,3184,5/13/2015 18:02,9095,502,50.0,0.200000003,22675,50.0,0.349999994,5,250.0,200.0,70.0,Central America,Puebla,CLOSED,502,24,,http://images.acmesports.sports/Nike+Men%27s+Dri-FIT+Victory+Golf+Polo,Nike Men's Dri-FIT Victory Golf Polo,50.0,0,5/19/2015 18:02,Second Class
DEBIT,3,2,71.98999786,239.9799957,Late delivery,1,9,Cardio Equipment,Hialeah,EE. UU.,10390,Consumer,FL,3,Footwear,LATAM,Belo Horizonte,Brasil,10390,5/13/2015 18:44,9097,191,59.99000168,0.200000003,22683,99.98999786,0.300000012,3,299.9700012,239.9799957,71.98999786,South America,Minas Gerais,COMPLETE,191,9,,http://images.acmesports.sports/Nike+Men%27s+Free+5.0%2B+Running+Shoe,Nike Men's Free 5.0+ Running Shoe,99.98999786,0,5/16/2015 18:44,Second Class
DEBIT,2,1,61.88000107,225.0,Late delivery,1,24,Women's Apparel,Raleigh,EE. UU.,8728,Consumer,NC,5,Golf,USCA,New York City,Estados Unidos,8728,5/13/2016 7:00,34136,502,25.0,0.100000001,85215,50.0,0.280000001,5,250.0,225.0,61.88000107,East of USA,Nueva York,COMPLETE,502,24,,http://images.acmesports.sports/Nike+Men%27s+Dri-FIT+Victory+Golf+Polo,Nike Men's Dri-FIT Victory Golf Polo,50.0,0,5/15/2016 7:00,First Class
DEBIT,2,1,-98.70999908,128.6900024,Late delivery,1,18,Men's Footwear,Middletown,EE. UU.,2783,Home Office,OH,4,Apparel,USCA,Noblesville,Estados Unidos,2783,5/14/2016 9:38,34212,403,1.299999952,0.01,85416,129.9900055,-0.769999981,1,129.9900055,128.6900024,-98.70999908,US Center ,Indiana,ON_HOLD,403,18,,http://images.acmesports.sports/Nike+Men%27s+CJ+Elite+2+TD+Football+Cleat,Nike Men's CJ Elite 2 TD Football Cleat,129.9900055,0,5/16/2016 9:38,First Class
DEBIT,2,1,25.79999924,122.8399963,Late delivery,1,18,Men's Footwear,Garden Grove,EE. UU.,6047,Consumer,CA,4,Apparel,USCA,Rochester,Estados Unidos,6047,5/15/2016 16:28,34300,403,7.150000095,0.059999999,85665,129.9900055,0.209999993,1,129.9900055,122.8399963,25.79999924,East of USA,Nueva York,COMPLETE,403,18,,http://images.acmesports.sports/Nike+Men%27s+CJ+Elite+2+TD+Football+Cleat,Nike Men's CJ Elite 2 TD Football Cleat,129.9900055,0,5/17/2016 16:28,First Class
PAYMENT,6,4,102.9499969,395.980011,Late delivery,1,45,Fishing,Pekin,EE. UU.,7452,Corporate,IL,7,Fan Shop,LATAM,San Juan de la Maguana,República Dominicana,7452,5/16/2015 10:50,9280,1004,4.0,0.01,23154,399.980011,0.25999999,1,399.980011,395.980011,102.9499969,Caribbean,San Juan,PENDING_PAYMENT,1004,45,,http://images.acmesports.sports/Field+%26+Stream+Sportsman+16+Gun+Fire+Safe,Field & Stream Sportsman 16 Gun Fire Safe,399.980011,0,5/22/2015 10:50,Standard Class
DEBIT,6,4,27.29999924,97.48999786,Late delivery,1,18,Men's Footwear,Westland,EE. UU.,2391,Corporate,MI,4,Apparel,USCA,New York City,Estados Unidos,2391,5/17/2016 19:16,34445,403,32.5,0.25,86046,129.9900055,0.280000001,1,129.9900055,97.48999786,27.29999924,East of USA,Nueva York,ON_HOLD,403,18,,http://images.acmesports.sports/Nike+Men%27s+CJ+Elite+2+TD+Football+Cleat,Nike Men's CJ Elite 2 TD Football Cleat,129.9900055,0,5/23/2016 19:16,Standard Class
TRANSFER,2,1,77.27999878,167.9900055,Late delivery,1,48,Water Sports,Walnut,EE. UU.,6769,Home Office,CA,7,Fan Shop,LATAM,Tegucigalpa,Honduras,6769,5/18/2015 10:08,9415,1073,32.0,0.159999996,23488,199.9900055,0.460000008,1,199.9900055,167.9900055,77.27999878,Central America,Francisco Morazán,PROCESSING,1073,48,,http://images.acmesports.sports/Pelican+Sunstream+100+Kayak,Pelican Sunstream 100 Kayak,199.9900055,0,5/20/2015 10:08,First Class
PAYMENT,2,1,76.01999664,331.980011,Late delivery,1,45,Fishing,Caguas,Puerto Rico,9160,Consumer,PR,7,Fan Shop,LATAM,San Salvador,El Salvador,9160,5/18/2015 6:17,9404,1004,68.0,0.170000002,23463,399.980011,0.230000004,1,399.980011,331.980011,76.01999664,Central America,San Salvador,PENDING_PAYMENT,1004,45,,http://images.acmesports.sports/Field+%26+Stream+Sportsman+16+Gun+Fire+Safe,Field & Stream Sportsman 16 Gun Fire Safe,399.980011,0,5/20/2015 6:17,First Class
PAYMENT,5,4,-43.5699997,174.2899933,Late delivery,1,31,Women's Golf Clubs,Corona,EE. UU.,4291,Corporate,NY,6,Outdoors,LATAM,Culiacán,México,4291,5/2/2017 4:24,58379,671,35.70000076,0.170000002,146101,209.9900055,-0.25,1,209.9900055,174.2899933,-43.5699997,Central America,Sinaloa,PENDING_PAYMENT,671,31,,http://images.acmesports.sports/Cleveland+Golf+Collegiate+My+Custom+Wedge+588+RTX+Forged...,Cleveland Golf Collegiate My Custom Wedge 588,209.9900055,0,5/7/2017 4:24,Standard Class
TRANSFER,2,1,54.86999893,195.9499969,Late delivery,1,29,Shop By Sport,Philadelphia,EE. UU.,2403,Consumer,PA,5,Golf,USCA,Carol Stream,Estados Unidos,2403,5/22/2016 18:23,34785,627,4.0,0.02,86894,39.99000168,0.280000001,5,199.9499969,195.9499969,54.86999893,US Center ,Illinois,PENDING,627,29,,http://images.acmesports.sports/Under+Armour+Girls%27+Toddler+Spine+Surge+Running+Shoe,Under Armour Girls' Toddler Spine Surge Runni,39.99000168,0,5/24/2016 18:23,First Class
PAYMENT,4,4,83.98999786,239.9600067,Shipping on time,0,17,Cleats,Peoria,EE. UU.,68,Consumer,AZ,4,Apparel,LATAM,Acuña,México,68,5/24/2015 2:04,9803,365,0.0,0.0,24480,59.99000168,0.349999994,4,239.9600067,239.9600067,83.98999786,Central America,Coahuila,PENDING_PAYMENT,365,17,,http://images.acmesports.sports/Perfect+Fitness+Perfect+Rip+Deck,Perfect Fitness Perfect Rip Deck,59.99000168,0,5/28/2015 2:04,Standard Class
CASH,2,1,46.54999924,95.0,Late delivery,1,24,Women's Apparel,Mount Pleasant,EE. UU.,7286,Home Office,MI,5,Golf,LATAM,Panama City,Panamá,7286,5/24/2015 5:13,9812,502,5.0,0.050000001,24496,50.0,0.49000001,2,100.0,95.0,46.54999924,Central America,Panamá,CLOSED,502,24,,http://images.acmesports.sports/Nike+Men%27s+Dri-FIT+Victory+Golf+Polo,Nike Men's Dri-FIT Victory Golf Polo,50.0,0,5/26/2015 5:13,First Class
DEBIT,3,2,160.0700073,347.980011,Late delivery,1,45,Fishing,Caguas,Puerto Rico,3272,Consumer,PR,7,Fan Shop,USCA,Columbus,Estados Unidos,3272,5/24/2016 20:08,34927,1004,52.0,0.129999995,87270,399.980011,0.460000008,1,399.980011,347.980011,160.0700073,East of USA,Ohio,COMPLETE,1004,45,,http://images.acmesports.sports/Field+%26+Stream+Sportsman+16+Gun+Fire+Safe,Field & Stream Sportsman 16 Gun Fire Safe,399.980011,0,5/27/2016 20:08,Second Class
DEBIT,2,1,-70.0,200.0,Late delivery,1,24,Women's Apparel,Chandler,EE. UU.,12313,Corporate,AZ,5,Golf,USCA,Glendale,Estados Unidos,12313,5/25/2016 6:38,34957,502,50.0,0.200000003,87342,50.0,-0.349999994,5,250.0,200.0,-70.0,West of USA ,Arizona,COMPLETE,502,24,,http://images.acmesports.sports/Nike+Men%27s+Dri-FIT+Victory+Golf+Polo,Nike Men's Dri-FIT Victory Golf Polo,50.0,0,5/27/2016 6:38,First Class
PAYMENT,5,2,11.34000015,151.1699982,Late delivery,1,17,Cleats,San Marcos,EE. UU.,10033,Consumer,TX,4,Apparel,USCA,West Allis,Estados Unidos,10033,5/26/2016 18:22,35059,365,28.79999924,0.159999996,87563,59.99000168,0.079999998,3,179.9700012,151.1699982,11.34000015,US Center ,Wisconsin,PENDING_PAYMENT,365,17,,http://images.acmesports.sports/Perfect+Fitness+Perfect+Rip+Deck,Perfect Fitness Perfect Rip Deck,59.99000168,0,5/31/2016 18:22,Second Class
DEBIT,5,4,1.799999952,150.0,Late delivery,1,24,Women's Apparel,Honolulu,EE. UU.,1942,Corporate,HI,5,Golf,LATAM,Vassouras,Brasil,1942,5/27/2015 2:14,10009,502,0.0,0.0,25000,50.0,0.01,3,150.0,150.0,1.799999952,South America,Río de Janeiro,ON_HOLD,502,24,,http://images.acmesports.sports/Nike+Men%27s+Dri-FIT+Victory+Golf+Polo,Nike Men's Dri-FIT Victory Golf Polo,50.0,0,6/1/2015 2:14,Standard Class
TRANSFER,5,4,21.12000084,351.980011,Shipping canceled,0,45,Fishing,Brooklyn,EE. UU.,10864,Corporate,NY,7,Fan Shop,LATAM,Presidente Dutra,Brasil,10864,5/27/2015 4:00,10014,1004,48.0,0.119999997,25018,399.980011,0.059999999,1,399.980011,351.980011,21.12000084,South America,Marañón,SUSPECTED_FRAUD,1004,45,,http://images.acmesports.sports/Field+%26+Stream+Sportsman+16+Gun+Fire+Safe,Field & Stream Sportsman 16 Gun Fire Safe,399.980011,0,6/1/2015 4:00,Standard Class
PAYMENT,3,2,16.89999962,53.99000168,Late delivery,1,17,Cleats,Bronx,EE. UU.,2375,Consumer,NY,4,Apparel,LATAM,Bom Jesus da Lapa,Brasil,2375,5/29/2015 7:51,10162,365,6.0,0.100000001,25396,59.99000168,0.310000002,1,59.99000168,53.99000168,16.89999962,South America,Bahía,PENDING_PAYMENT,365,17,,http://images.acmesports.sports/Perfect+Fitness+Perfect+Rip+Deck,Perfect Fitness Perfect Rip Deck,59.99000168,0,6/1/2015 7:51,Second Class
TRANSFER,2,2,71.69999695,149.3800049,Shipping canceled,0,17,Cleats,Ontario,EE. UU.,12271,Consumer,CA,4,Apparel,LATAM,San Pedro Sula,Honduras,12271,5/3/2015 13:08,8396,365,30.59000015,0.170000002,20966,59.99000168,0.479999989,3,179.9700012,149.3800049,71.69999695,Central America,Cortés,SUSPECTED_FRAUD,365,17,,http://images.acmesports.sports/Perfect+Fitness+Perfect+Rip+Deck,Perfect Fitness Perfect Rip Deck,59.99000168,0,5/5/2015 13:08,Second Class
DEBIT,5,4,93.90000153,299.9899902,Late delivery,1,45,Fishing,Caguas,Puerto Rico,2014,Consumer,PR,7,Fan Shop,USCA,San Francisco,Estados Unidos,2014,5/3/2016 13:19,33469,1004,100.0,0.25,83566,399.980011,0.310000002,1,399.980011,299.9899902,93.90000153,West of USA ,California,COMPLETE,1004,45,,http://images.acmesports.sports/Field+%26+Stream+Sportsman+16+Gun+Fire+Safe,Field & Stream Sportsman 16 Gun Fire Safe,399.980011,0,5/8/2016 13:19,Standard Class
DEBIT,2,1,-191.25,112.5,Late delivery,1,9,Cardio Equipment,Long Beach,EE. UU.,2462,Consumer,CA,3,Footwear,USCA,New York City,Estados Unidos,2462,5/3/2016 1:25,33435,172,37.5,0.25,83484,30.0,-1.700000048,5,150.0,112.5,-191.25,East of USA,Nueva York,COMPLETE,172,9,,http://images.acmesports.sports/Nike+Women%27s+Tempo+Shorts,Nike Women's Tempo Shorts,30.0,0,5/5/2016 1:25,First Class
DEBIT,3,4,16.87999916,149.3800049,Advance shipping,0,17,Cleats,Caguas,Puerto Rico,3020,Corporate,PR,4,Apparel,LATAM,San Pedro Sula,Honduras,3020,5/3/2017 11:14,58467,365,30.59000015,0.170000002,146344,59.99000168,0.109999999,3,179.9700012,149.3800049,16.87999916,Central America,Cortés,COMPLETE,365,17,,http://images.acmesports.sports/Perfect+Fitness+Perfect+Rip+Deck,Perfect Fitness Perfect Rip Deck,59.99000168,0,5/6/2017 11:14,Standard Class
PAYMENT,4,4,17.15999985,137.25,Shipping on time,0,37,Electronics,Caguas,Puerto Rico,11745,Home Office,PR,6,Outdoors,USCA,Covington,Estados Unidos,11745,5/30/2016 16:37,35328,821,18.71999931,0.119999997,88239,51.99000168,0.129999995,3,155.9700012,137.25,17.15999985,West of USA ,Washington,PENDING_PAYMENT,821,37,,http://images.acmesports.sports/Titleist+Pro+V1+High+Numbers+Personalized+Golf+Balls,Titleist Pro V1 High Numbers Personalized Gol,51.99000168,0,6/3/2016 16:37,Standard Class
DEBIT,5,4,15.48999977,95.0,Late delivery,1,24,Women's Apparel,Provo,EE. UU.,4394,Consumer,UT,5,Golf,LATAM,Rio Branco,Brasil,4394,5/30/2017 6:49,60304,502,5.0,0.050000001,150897,50.0,0.159999996,2,100.0,95.0,15.48999977,South America,Acre,ON_HOLD,502,24,,http://images.acmesports.sports/Nike+Men%27s+Dri-FIT+Victory+Golf+Polo,Nike Men's Dri-FIT Victory Golf Polo,50.0,0,6/4/2017 6:49,Standard Class
DEBIT,3,2,14.14999962,38.99000168,Late delivery,1,37,Electronics,Caguas,Puerto Rico,487,Consumer,PR,6,Outdoors,USCA,Houston,Estados Unidos,487,5/31/2016 16:47,35397,821,13.0,0.25,88408,51.99000168,0.360000014,1,51.99000168,38.99000168,14.14999962,US Center ,Texas,COMPLETE,821,37,,http://images.acmesports.sports/Titleist+Pro+V1+High+Numbers+Personalized+Golf+Balls,Titleist Pro V1 High Numbers Personalized Gol,51.99000168,0,6/3/2016 16:47,Second Class
TRANSFER,3,4,33.59999847,160.0,Advance shipping,0,24,Women's Apparel,New York,EE. UU.,1645,Home Office,NY,5,Golf,USCA,Miami,Estados Unidos,1645,5/4/2016 23:39,33567,502,40.0,0.200000003,83792,50.0,0.209999993,4,200.0,160.0,33.59999847,South of  USA ,Florida,PENDING,502,24,,http://images.acmesports.sports/Nike+Men%27s+Dri-FIT+Victory+Golf+Polo,Nike Men's Dri-FIT Victory Golf Polo,50.0,0,5/7/2016 23:39,Standard Class
DEBIT,4,2,-652.460022,260.980011,Late delivery,1,43,Camping & Hiking,College Station,EE. UU.,9631,Home Office,TX,7,Fan Shop,LATAM,Guadalajara,México,9631,5/5/2017 12:38,58608,957,39.0,0.129999995,146683,299.980011,-2.5,1,299.980011,260.980011,-652.460022,Central America,Jalisco,COMPLETE,957,43,,http://images.acmesports.sports/Diamondback+Women%27s+Serene+Classic+Comfort+Bike+2014,Diamondback Women's Serene Classic Comfort Bi,299.980011,0,5/9/2017 12:38,Second Class
DEBIT,6,4,54.40999985,118.2900009,Late delivery,1,18,Men's Footwear,Washington,EE. UU.,11904,Corporate,DC,4,Apparel,LATAM,Mexico City,México,11904,5/5/2017 15:05,58615,403,11.69999981,0.090000004,146708,129.9900055,0.460000008,1,129.9900055,118.2900009,54.40999985,Central America,Distrito Federal,COMPLETE,403,18,,http://images.acmesports.sports/Nike+Men%27s+CJ+Elite+2+TD+Football+Cleat,Nike Men's CJ Elite 2 TD Football Cleat,129.9900055,0,5/11/2017 15:05,Standard Class
DEBIT,5,4,-168.7899933,127.3899994,Late delivery,1,18,Men's Footwear,Middletown,EE. UU.,3090,Consumer,CT,4,Apparel,LATAM,Madero,México,3090,5/5/2017 23:30,58639,403,2.599999905,0.02,146774,129.9900055,-1.330000043,1,129.9900055,127.3899994,-168.7899933,Central America,Tamaulipas,COMPLETE,403,18,,http://images.acmesports.sports/Nike+Men%27s+CJ+Elite+2+TD+Football+Cleat,Nike Men's CJ Elite 2 TD Football Cleat,129.9900055,0,5/10/2017 23:30,Standard Class
PAYMENT,6,4,61.20000076,359.980011,Late delivery,1,45,Fishing,Chicago,EE. UU.,7653,Consumer,IL,7,Fan Shop,USCA,Thousand Oaks,Estados Unidos,7653,5/6/2016 13:30,33675,1004,40.0,0.100000001,84042,399.980011,0.170000002,1,399.980011,359.980011,61.20000076,West of USA ,California,PENDING_PAYMENT,1004,45,,http://images.acmesports.sports/Field+%26+Stream+Sportsman+16+Gun+Fire+Safe,Field & Stream Sportsman 16 Gun Fire Safe,399.980011,0,5/12/2016 13:30,Standard Class
DEBIT,6,4,26.84000015,237.5,Late delivery,1,24,Women's Apparel,Tempe,EE. UU.,5877,Consumer,AZ,5,Golf,LATAM,Guayaquil,Ecuador,5877,5/7/2015 14:53,8675,502,12.5,0.050000001,21661,50.0,0.109999999,5,250.0,237.5,26.84000015,South America,Guayas,COMPLETE,502,24,,http://images.acmesports.sports/Nike+Men%27s+Dri-FIT+Victory+Golf+Polo,Nike Men's Dri-FIT Victory Golf Polo,50.0,0,5/13/2015 14:53,Standard Class
DEBIT,3,4,-474.2200012,278.9500122,Advance shipping,0,17,Cleats,Caguas,Puerto Rico,6496,Home Office,PR,4,Apparel,USCA,Springfield,Estados Unidos,6496,5/7/2016 9:28,33732,365,21.0,0.07,84179,59.99000168,-1.700000048,5,299.9500122,278.9500122,-474.2200012,South of  USA ,Virginia,COMPLETE,365,17,,http://images.acmesports.sports/Perfect+Fitness+Perfect+Rip+Deck,Perfect Fitness Perfect Rip Deck,59.99000168,0,5/10/2016 9:28,Standard Class
DEBIT,5,4,42.0,120.0,Late delivery,1,24,Women's Apparel,Long Beach,EE. UU.,1426,Consumer,CA,5,Golf,LATAM,São Paulo,Brasil,1426,5/8/2017 23:19,58844,502,30.0,0.200000003,147286,50.0,0.349999994,3,150.0,120.0,42.0,South America,São Paulo,COMPLETE,502,24,,http://images.acmesports.sports/Nike+Men%27s+Dri-FIT+Victory+Golf+Polo,Nike Men's Dri-FIT Victory Golf Polo,50.0,0,5/13/2017 23:19,Standard Class
TRANSFER,5,4,55.29000092,115.1800003,Late delivery,1,17,Cleats,Caguas,Puerto Rico,10585,Consumer,PR,4,Apparel,LATAM,Bogotá,Colombia,10585,5/9/2015 5:04,8784,365,4.800000191,0.039999999,21928,59.99000168,0.479999989,2,119.9800034,115.1800003,55.29000092,South America,Bogotá,PENDING,365,17,,http://images.acmesports.sports/Perfect+Fitness+Perfect+Rip+Deck,Perfect Fitness Perfect Rip Deck,59.99000168,0,5/14/2015 5:04,Standard Class
TRANSFER,2,4,20.78000069,188.9499969,Shipping canceled,0,29,Shop By Sport,Caguas,Puerto Rico,3570,Home Office,PR,5,Golf,LATAM,El Limón,Venezuela,3570,5/9/2017 19:17,58901,627,11.0,0.059999999,147443,39.99000168,0.109999999,5,199.9499969,188.9499969,20.78000069,South America,Aragua,SUSPECTED_FRAUD,627,29,,http://images.acmesports.sports/Under+Armour+Girls%27+Toddler+Spine+Surge+Running+Shoe,Under Armour Girls' Toddler Spine Surge Runni,39.99000168,0,5/11/2017 19:17,Standard Class
CASH,2,1,7.630000114,33.18999863,Late delivery,1,29,Shop By Sport,Caguas,Puerto Rico,12203,Home Office,PR,5,Golf,LATAM,San Salvador,El Salvador,12203,6/11/2017 23:58,61175,627,6.800000191,0.170000002,153032,39.99000168,0.230000004,1,39.99000168,33.18999863,7.630000114,Central America,San Salvador,CLOSED,627,29,,http://images.acmesports.sports/Under+Armour+Girls%27+Toddler+Spine+Surge+Running+Shoe,Under Armour Girls' Toddler Spine Surge Runni,39.99000168,0,6/13/2017 23:58,First Class
PAYMENT,5,2,63.88000107,175.9900055,Late delivery,1,48,Water Sports,Memphis,EE. UU.,2972,Consumer,TN,7,Fan Shop,Europe,Montesson,Francia,2972,6/12/2015 14:08,11139,1073,24.0,0.119999997,27850,199.9900055,0.360000014,1,199.9900055,175.9900055,63.88000107,Western Europe,Isla de Francia,PENDING_PAYMENT,1073,48,,http://images.acmesports.sports/Pelican+Sunstream+100+Kayak,Pelican Sunstream 100 Kayak,199.9900055,0,6/17/2015 14:08,Second Class
DEBIT,2,1,13.88000011,122.8399963,Late delivery,1,18,Men's Footwear,New Braunfels,EE. UU.,11078,Consumer,TX,4,Apparel,USCA,Chicago,Estados Unidos,11078,6/13/2016 12:44,36276,403,7.150000095,0.059999999,90578,129.9900055,0.109999999,1,129.9900055,122.8399963,13.88000011,US Center ,Illinois,COMPLETE,403,18,,http://images.acmesports.sports/Nike+Men%27s+CJ+Elite+2+TD+Football+Cleat,Nike Men's CJ Elite 2 TD Football Cleat,129.9900055,0,6/15/2016 12:44,First Class
CASH,6,4,2.150000095,18.98999977,Late delivery,1,36,Golf Balls,Caguas,Puerto Rico,11093,Consumer,PR,6,Outdoors,USCA,San Diego,Estados Unidos,11093,6/13/2016 14:08,36280,810,1.0,0.050000001,90589,19.98999977,0.109999999,1,19.98999977,18.98999977,2.150000095,West of USA ,California,CLOSED,810,36,,http://images.acmesports.sports/Glove+It+Women%27s+Mod+Oval+Golf+Glove,Glove It Women's Mod Oval Golf Glove,19.98999977,0,6/19/2016 14:08,Standard Class
CASH,6,2,43.5,128.6900024,Late delivery,1,18,Men's Footwear,Caguas,Puerto Rico,11377,Consumer,PR,4,Apparel,Europe,Vicenza,Italia,11377,6/14/2015 17:17,11285,403,1.299999952,0.01,28218,129.9900055,0.340000004,1,129.9900055,128.6900024,43.5,Southern Europe,Véneto,CLOSED,403,18,,http://images.acmesports.sports/Nike+Men%27s+CJ+Elite+2+TD+Football+Cleat,Nike Men's CJ Elite 2 TD Football Cleat,129.9900055,0,6/20/2015 17:17,Second Class
PAYMENT,6,4,19.28000069,118.2900009,Late delivery,1,18,Men's Footwear,Caguas,Puerto Rico,11736,Corporate,PR,4,Apparel,LATAM,Açu,Brasil,11736,6/14/2017 15:02,61355,403,11.69999981,0.090000004,153489,129.9900055,0.159999996,1,129.9900055,118.2900009,19.28000069,South America,Río Grande del Norte,PENDING_PAYMENT,403,18,,http://images.acmesports.sports/Nike+Men%27s+CJ+Elite+2+TD+Football+Cleat,Nike Men's CJ Elite 2 TD Football Cleat,129.9900055,0,6/20/2017 15:02,Standard Class
DEBIT,2,1,12.76000023,33.59000015,Late delivery,1,29,Shop By Sport,Caguas,Puerto Rico,9883,Corporate,PR,5,Golf,Europe,Boulogne-Billancourt,Francia,9883,6/16/2015 0:07,11373,627,6.400000095,0.159999996,28442,39.99000168,0.379999995,1,39.99000168,33.59000015,12.76000023,Western Europe,Isla de Francia,COMPLETE,627,29,,http://images.acmesports.sports/Under+Armour+Girls%27+Toddler+Spine+Surge+Running+Shoe,Under Armour Girls' Toddler Spine Surge Runni,39.99000168,0,6/18/2015 0:07,First Class
PAYMENT,4,4,69.73000336,170.0700073,Shipping on time,0,17,Cleats,Denton,EE. UU.,10858,Consumer,TX,4,Apparel,Europe,Madrid,España,10858,6/16/2015 22:53,11438,365,9.899999619,0.059999999,28613,59.99000168,0.409999996,3,179.9700012,170.0700073,69.73000336,Southern Europe,Madrid,PENDING_PAYMENT,365,17,,http://images.acmesports.sports/Perfect+Fitness+Perfect+Rip+Deck,Perfect Fitness Perfect Rip Deck,59.99000168,0,6/20/2015 22:53,Standard Class
DEBIT,2,4,126.3199997,347.980011,Advance shipping,0,45,Fishing,Caguas,Puerto Rico,12223,Home Office,PR,7,Fan Shop,LATAM,Brumado,Brasil,12223,6/16/2017 4:10,61461,1004,52.0,0.129999995,153713,399.980011,0.360000014,1,399.980011,347.980011,126.3199997,South America,Bahía,COMPLETE,1004,45,,http://images.acmesports.sports/Field+%26+Stream+Sportsman+16+Gun+Fire+Safe,Field & Stream Sportsman 16 Gun Fire Safe,399.980011,0,6/18/2017 4:10,Standard Class
DEBIT,4,4,42.08000183,107.8899994,Shipping on time,0,18,Men's Footwear,Caguas,Puerto Rico,270,Consumer,PR,4,Apparel,USCA,Fresno,Estados Unidos,270,6/17/2016 5:02,36528,403,22.10000038,0.170000002,91199,129.9900055,0.389999986,1,129.9900055,107.8899994,42.08000183,West of USA ,California,ON_HOLD,403,18,,http://images.acmesports.sports/Nike+Men%27s+CJ+Elite+2+TD+Football+Cleat,Nike Men's CJ Elite 2 TD Football Cleat,129.9900055,0,6/21/2016 5:02,Standard Class
DEBIT,6,4,43.88000107,135.0,Late delivery,1,24,Women's Apparel,Salt Lake City,EE. UU.,8061,Corporate,UT,5,Golf,LATAM,Araranguá,Brasil,8061,6/17/2017 16:36,61565,502,15.0,0.100000001,153937,50.0,0.330000013,3,150.0,135.0,43.88000107,South America,Santa Catarina,COMPLETE,502,24,,http://images.acmesports.sports/Nike+Men%27s+Dri-FIT+Victory+Golf+Polo,Nike Men's Dri-FIT Victory Golf Polo,50.0,0,6/23/2017 16:36,Standard Class
TRANSFER,6,4,103.4899979,224.9799957,Late delivery,1,9,Cardio Equipment,Fargo,EE. UU.,4795,Consumer,ND,3,Footwear,Europe,Paris,Francia,4795,6/19/2015 0:38,11580,191,74.98999786,0.25,28951,99.98999786,0.460000008,3,299.9700012,224.9799957,103.4899979,Western Europe,Isla de Francia,PENDING,191,9,,http://images.acmesports.sports/Nike+Men%27s+Free+5.0%2B+Running+Shoe,Nike Men's Free 5.0+ Running Shoe,99.98999786,0,6/25/2015 0:38,Standard Class
TRANSFER,4,4,32.43999863,95.98000336,Shipping canceled,0,29,Shop By Sport,Caguas,Puerto Rico,1254,Corporate,PR,5,Golf,Europe,Reggio nell'Emilia,Italia,1254,6/19/2015 5:11,11593,627,23.98999977,0.200000003,28976,39.99000168,0.340000004,3,119.9700012,95.98000336,32.43999863,Southern Europe,Emilia-Romaña,SUSPECTED_FRAUD,627,29,,http://images.acmesports.sports/Under+Armour+Girls%27+Toddler+Spine+Surge+Running+Shoe,Under Armour Girls' Toddler Spine Surge Runni,39.99000168,0,6/23/2015 5:11,Standard Class
CASH,6,4,41.74000168,123.4899979,Late delivery,1,18,Men's Footwear,Caguas,Puerto Rico,12107,Consumer,PR,4,Apparel,USCA,Richmond,Estados Unidos,12107,6/2/2016 8:23,35510,403,6.5,0.050000001,88689,129.9900055,0.340000004,1,129.9900055,123.4899979,41.74000168,South of  USA ,Kentucky,CLOSED,403,18,,http://images.acmesports.sports/Nike+Men%27s+CJ+Elite+2+TD+Football+Cleat,Nike Men's CJ Elite 2 TD Football Cleat,129.9900055,0,6/8/2016 8:23,Standard Class
DEBIT,2,4,188.1499939,391.980011,Advance shipping,0,45,Fishing,Caguas,Puerto Rico,1908,Consumer,PR,7,Fan Shop,LATAM,Santiago de Cuba,Cuba,1908,6/2/2017 3:50,60501,1004,8.0,0.02,151421,399.980011,0.479999989,1,399.980011,391.980011,188.1499939,Caribbean,Santiago de Cuba,COMPLETE,1004,45,,http://images.acmesports.sports/Field+%26+Stream+Sportsman+16+Gun+Fire+Safe,Field & Stream Sportsman 16 Gun Fire Safe,399.980011,0,6/4/2017 3:50,Standard Class
PAYMENT,2,4,36.40000153,103.9899979,Advance shipping,0,18,Men's Footwear,Caguas,Puerto Rico,404,Consumer,PR,4,Apparel,USCA,Miami,Estados Unidos,404,6/20/2016 21:40,36781,403,26.0,0.200000003,91789,129.9900055,0.349999994,1,129.9900055,103.9899979,36.40000153,South of  USA ,Florida,PENDING_PAYMENT,403,18,,http://images.acmesports.sports/Nike+Men%27s+CJ+Elite+2+TD+Football+Cleat,Nike Men's CJ Elite 2 TD Football Cleat,129.9900055,0,6/22/2016 21:40,Standard Class
DEBIT,5,2,15.15999985,172.2599945,Late delivery,1,44,Hunting & Shooting,Bronx,EE. UU.,11300,Home Office,NY,7,Fan Shop,Europe,Madrid,España,11300,6/20/2017 5:34,61739,981,25.73999977,0.129999995,154340,99.0,0.090000004,2,198.0,172.2599945,15.15999985,Southern Europe,Madrid,COMPLETE,981,44,,http://images.acmesports.sports/The+North+Face+Women%27s+Recon+Backpack,The North Face Women's Recon Backpack,99.0,0,6/25/2017 5:34,Second Class
DEBIT,1,0,89.63999939,331.980011,Late delivery,1,45,Fishing,Caguas,Puerto Rico,11169,Home Office,PR,7,Fan Shop,Europe,Rouen,Francia,11169,6/21/2015 13:14,11753,1004,68.0,0.170000002,29399,399.980011,0.270000011,1,399.980011,331.980011,89.63999939,Western Europe,Normandía,COMPLETE,1004,45,,http://images.acmesports.sports/Field+%26+Stream+Sportsman+16+Gun+Fire+Safe,Field & Stream Sportsman 16 Gun Fire Safe,399.980011,0,6/22/2015 1:14,Same Day
TRANSFER,4,4,38.5,110.0,Shipping on time,0,7,Hockey,Edinburg,EE. UU.,1168,Corporate,TX,2,Fitness,USCA,Jackson,Estados Unidos,1168,6/21/2016 22:53,36853,135,0.0,0.0,91966,22.0,0.349999994,5,110.0,110.0,38.5,South of  USA ,Misisipi,PROCESSING,135,7,,http://images.acmesports.sports/Nike+Dri-FIT+Crew+Sock+6+Pack,Nike Dri-FIT Crew Sock 6 Pack,22.0,0,6/25/2016 22:53,Standard Class
TRANSFER,4,4,29.47999954,109.1699982,Shipping canceled,0,29,Shop By Sport,Caguas,Puerto Rico,4682,Corporate,PR,5,Golf,Europe,Burgos,España,4682,6/21/2017 21:30,61853,627,10.80000019,0.090000004,154616,39.99000168,0.270000011,3,119.9700012,109.1699982,29.47999954,Southern Europe,Castilla y León,SUSPECTED_FRAUD,627,29,,http://images.acmesports.sports/Under+Armour+Girls%27+Toddler+Spine+Surge+Running+Shoe,Under Armour Girls' Toddler Spine Surge Runni,39.99000168,0,6/25/2017 21:30,Standard Class
DEBIT,2,4,97.19999695,359.980011,Advance shipping,0,45,Fishing,Mechanicsburg,EE. UU.,3839,Consumer,PA,7,Fan Shop,Europe,Siegen,Alemania,3839,6/22/2015 14:49,11826,1004,40.0,0.100000001,29575,399.980011,0.270000011,1,399.980011,359.980011,97.19999695,Western Europe,Renania del Norte-Westfalia,COMPLETE,1004,45,,http://images.acmesports.sports/Field+%26+Stream+Sportsman+16+Gun+Fire+Safe,Field & Stream Sportsman 16 Gun Fire Safe,399.980011,0,6/24/2015 14:49,Standard Class
PAYMENT,2,1,37.29999924,100.8000031,Late delivery,1,26,Girls' Apparel,Hialeah,EE. UU.,4791,Consumer,FL,5,Golf,Europe,Hagen,Alemania,4791,6/22/2015 3:36,11794,564,19.20000076,0.159999996,29492,30.0,0.370000005,4,120.0,100.8000031,37.29999924,Western Europe,Renania del Norte-Westfalia,PENDING_PAYMENT,564,26,,http://images.acmesports.sports/Nike+Men%27s+Deutschland+Weltmeister+Winners+Black+T-Shirt,Nike Men's Deutschland Weltmeister Winners Bl,30.0,0,6/24/2015 3:36,First Class
PAYMENT,2,4,26.63999939,56.68999863,Advance shipping,0,17,Cleats,Caguas,Puerto Rico,4214,Consumer,PR,4,Apparel,USCA,San Diego,Estados Unidos,4214,6/23/2016 3:58,36936,365,3.299999952,0.059999999,92175,59.99000168,0.469999999,1,59.99000168,56.68999863,26.63999939,West of USA ,California,PENDING_PAYMENT,365,17,,http://images.acmesports.sports/Perfect+Fitness+Perfect+Rip+Deck,Perfect Fitness Perfect Rip Deck,59.99000168,0,6/25/2016 3:58,Standard Class
DEBIT,4,2,-119.9499969,199.9199982,Late delivery,1,46,Indoor/Outdoor Games,Caguas,Puerto Rico,1900,Consumer,PR,7,Fan Shop,Europe,Salzburgo,Austria,1900,6/23/2017 19:03,61983,1014,49.97999954,0.200000003,154968,49.97999954,-0.600000024,5,249.8999939,199.9199982,-119.9499969,Western Europe,Salzburgo,ON_HOLD,1014,46,,http://images.acmesports.sports/O%27Brien+Men%27s+Neoprene+Life+Vest,O'Brien Men's Neoprene Life Vest,49.97999954,0,6/27/2017 19:03,Second Class
PAYMENT,4,4,38.45000076,122.8399963,Shipping on time,0,18,Men's Footwear,Milford,EE. UU.,2376,Home Office,CT,4,Apparel,Europe,Milan,Italia,2376,6/23/2017 1:32,61933,403,7.150000095,0.059999999,154824,129.9900055,0.310000002,1,129.9900055,122.8399963,38.45000076,Southern Europe,Lombardía,PENDING_PAYMENT,403,18,,http://images.acmesports.sports/Nike+Men%27s+CJ+Elite+2+TD+Football+Cleat,Nike Men's CJ Elite 2 TD Football Cleat,129.9900055,0,6/27/2017 1:32,Standard Class
DEBIT,3,4,12.81000042,145.5599976,Advance shipping,0,29,Shop By Sport,Tampa,EE. UU.,6514,Consumer,FL,5,Golf,Europe,Muret,Francia,6514,6/24/2015 12:43,11957,627,14.39999962,0.090000004,29883,39.99000168,0.090000004,4,159.9600067,145.5599976,12.81000042,Western Europe,Languedoc-Rosellón-Mediodía-Pirineos,COMPLETE,627,29,,http://images.acmesports.sports/Under+Armour+Girls%27+Toddler+Spine+Surge+Running+Shoe,Under Armour Girls' Toddler Spine Surge Runni,39.99000168,0,6/27/2015 12:43,Standard Class
DEBIT,3,4,11.63000011,46.5,Advance shipping,0,24,Women's Apparel,Caguas,Puerto Rico,3223,Consumer,PR,5,Golf,USCA,Redding,Estados Unidos,3223,6/25/2016 0:07,37062,502,3.5,0.07,92477,50.0,0.25,1,50.0,46.5,11.63000011,West of USA ,California,COMPLETE,502,24,,http://images.acmesports.sports/Nike+Men%27s+Dri-FIT+Victory+Golf+Polo,Nike Men's Dri-FIT Victory Golf Polo,50.0,0,6/28/2016 0:07,Standard Class
TRANSFER,2,1,24.65999985,85.05000305,Late delivery,1,29,Shop By Sport,Daly City,EE. UU.,10169,Home Office,CA,5,Golf,USCA,San Francisco,Estados Unidos,10169,6/25/2016 19:23,37117,642,4.949999809,0.059999999,92610,30.0,0.289999992,3,90.0,85.05000305,24.65999985,West of USA ,California,PENDING,642,29,,http://images.acmesports.sports/Columbia+Men%27s+PFG+Anchor+Tough+T-Shirt,Columbia Men's PFG Anchor Tough T-Shirt,30.0,0,6/27/2016 19:23,First Class
PAYMENT,5,4,67.47000122,224.9100037,Late delivery,1,46,Indoor/Outdoor Games,Caguas,Puerto Rico,1346,Corporate,PR,7,Fan Shop,Europe,Stafford,Reino Unido,1346,6/25/2017 15:11,62109,1014,24.98999977,0.100000001,155281,49.97999954,0.300000012,5,249.8999939,224.9100037,67.47000122,Northern Europe,Inglaterra,PENDING_PAYMENT,1014,46,,http://images.acmesports.sports/O%27Brien+Men%27s+Neoprene+Life+Vest,O'Brien Men's Neoprene Life Vest,49.97999954,0,6/30/2017 15:11,Standard Class
DEBIT,4,4,-37.18999863,46.47999954,Shipping on time,0,46,Indoor/Outdoor Games,Scottsdale,EE. UU.,5481,Consumer,AZ,7,Fan Shop,Europe,Valence,Francia,5481,6/25/2017 21:51,62128,1014,3.5,0.07,155332,49.97999954,-0.800000012,1,49.97999954,46.47999954,-37.18999863,Western Europe,Auvernia-Ródano-Alpes,COMPLETE,1014,46,,http://images.acmesports.sports/O%27Brien+Men%27s+Neoprene+Life+Vest,O'Brien Men's Neoprene Life Vest,49.97999954,0,6/29/2017 21:51,Standard Class
PAYMENT,5,4,66.0,200.0,Late delivery,1,24,Women's Apparel,Saginaw,EE. UU.,11503,Corporate,MI,5,Golf,Europe,Catania,Italia,11503,6/28/2017 1:00,62274,502,50.0,0.200000003,155700,50.0,0.330000013,5,250.0,200.0,66.0,Southern Europe,Sicilia,PENDING_PAYMENT,502,24,,http://images.acmesports.sports/Nike+Men%27s+Dri-FIT+Victory+Golf+Polo,Nike Men's Dri-FIT Victory Golf Polo,50.0,0,7/3/2017 1:00,Standard Class
PAYMENT,6,2,31.67000008,109.1900024,Late delivery,1,18,Men's Footwear,Caguas,Puerto Rico,7662,Corporate,PR,4,Apparel,Europe,Bologna,Italia,7662,6/29/2015 18:08,12315,403,20.79999924,0.159999996,30768,129.9900055,0.289999992,1,129.9900055,109.1900024,31.67000008,Southern Europe,Emilia-Romaña,PENDING_PAYMENT,403,18,,http://images.acmesports.sports/Nike+Men%27s+CJ+Elite+2+TD+Football+Cleat,Nike Men's CJ Elite 2 TD Football Cleat,129.9900055,0,7/5/2015 18:08,Second Class
DEBIT,5,4,-40.68000031,359.9599915,Late delivery,1,9,Cardio Equipment,Caguas,Puerto Rico,7796,Home Office,PR,3,Footwear,USCA,Líbano,Estados Unidos,7796,6/30/2016 8:41,37429,191,40.0,0.100000001,93423,99.98999786,-0.109999999,4,399.9599915,359.9599915,-40.68000031,South of  USA ,Tennessee,COMPLETE,191,9,,http://images.acmesports.sports/Nike+Men%27s+Free+5.0%2B+Running+Shoe,Nike Men's Free 5.0+ Running Shoe,99.98999786,0,7/5/2016 8:41,Standard Class
DEBIT,2,4,1.080000043,107.9800034,Advance shipping,0,17,Cleats,San Marcos,EE. UU.,7605,Corporate,TX,4,Apparel,LATAM,Tegucigalpa,Honduras,7605,6/5/2017 1:54,60701,365,12.0,0.100000001,151921,59.99000168,0.01,2,119.9800034,107.9800034,1.080000043,Central America,Francisco Morazán,COMPLETE,365,17,,http://images.acmesports.sports/Perfect+Fitness+Perfect+Rip+Deck,Perfect Fitness Perfect Rip Deck,59.99000168,0,6/7/2017 1:54,Standard Class
DEBIT,5,4,-42.8199997,62.97000122,Late delivery,1,40,Accessories,Los Angeles,EE. UU.,1696,Corporate,CA,6,Outdoors,Europe,Bielefeld,Alemania,1696,6/7/2015 9:45,10784,893,12.0,0.159999996,26986,24.98999977,-0.680000007,3,74.97000122,62.97000122,-42.8199997,Western Europe,Renania del Norte-Westfalia,COMPLETE,893,40,,http://images.acmesports.sports/Team+Golf+Pittsburgh+Steelers+Putter+Grip,Team Golf Pittsburgh Steelers Putter Grip,24.98999977,0,6/12/2015 9:45,Standard Class
TRANSFER,6,2,-33.18999863,41.47999954,Late delivery,1,46,Indoor/Outdoor Games,Hamtramck,EE. UU.,3781,Home Office,MI,7,Fan Shop,USCA,Miramar,Estados Unidos,3781,6/7/2016 11:00,35860,1014,8.5,0.170000002,89562,49.97999954,-0.800000012,1,49.97999954,41.47999954,-33.18999863,South of  USA ,Florida,PENDING,1014,46,,http://images.acmesports.sports/O%27Brien+Men%27s+Neoprene+Life+Vest,O'Brien Men's Neoprene Life Vest,49.97999954,0,6/13/2016 11:00,Second Class
DEBIT,6,4,66.23999786,195.9900055,Late delivery,1,48,Water Sports,Caguas,Puerto Rico,7267,Home Office,PR,7,Fan Shop,USCA,Jacksonville,Estados Unidos,7267,6/8/2016 4:31,35910,1073,4.0,0.02,89679,199.9900055,0.340000004,1,199.9900055,195.9900055,66.23999786,South of  USA ,Florida,COMPLETE,1073,48,,http://images.acmesports.sports/Pelican+Sunstream+100+Kayak,Pelican Sunstream 100 Kayak,199.9900055,0,6/14/2016 4:31,Standard Class
TRANSFER,4,4,9.489999771,107.8899994,Shipping on time,0,18,Men's Footwear,Atlanta,EE. UU.,2307,Consumer,GA,4,Apparel,Europe,Hildesheim,Alemania,2307,7/11/2017 5:43,63178,403,22.10000038,0.170000002,157942,129.9900055,0.090000004,1,129.9900055,107.8899994,9.489999771,Western Europe,Baja Sajonia,PROCESSING,403,18,,http://images.acmesports.sports/Nike+Men%27s+CJ+Elite+2+TD+Football+Cleat,Nike Men's CJ Elite 2 TD Football Cleat,129.9900055,0,7/15/2017 5:43,Standard Class
DEBIT,2,1,89.30000305,189.9900055,Late delivery,1,48,Water Sports,Caguas,Puerto Rico,8602,Home Office,PR,7,Fan Shop,Europe,Augsburg,Alemania,8602,7/12/2015 15:29,13198,1073,10.0,0.050000001,33026,199.9900055,0.469999999,1,199.9900055,189.9900055,89.30000305,Western Europe,Bavaria,COMPLETE,1073,48,,http://images.acmesports.sports/Pelican+Sunstream+100+Kayak,Pelican Sunstream 100 Kayak,199.9900055,0,7/14/2015 15:29,First Class
PAYMENT,5,4,22.5,44.99000168,Late delivery,1,13,Electronics,Chicago,EE. UU.,4264,Home Office,IL,3,Footwear,Europe,Boulogne-Billancourt,Francia,4264,7/13/2015 12:52,13259,278,0.0,0.0,33176,44.99000168,0.5,1,44.99000168,44.99000168,22.5,Western Europe,Isla de Francia,PENDING_PAYMENT,278,13,,http://images.acmesports.sports/Under+Armour+Men%27s+Compression+EV+SL+Slide,Under Armour Men's Compression EV SL Slide,44.99000168,0,7/18/2015 12:52,Standard Class
CASH,3,4,75.98999786,199.9799957,Advance shipping,0,9,Cardio Equipment,Caguas,Puerto Rico,10992,Home Office,PR,3,Footwear,USCA,New York City,Estados Unidos,10992,7/13/2016 9:33,38322,191,0.0,0.0,95658,99.98999786,0.379999995,2,199.9799957,199.9799957,75.98999786,East of USA,Nueva York,CLOSED,191,9,,http://images.acmesports.sports/Nike+Men%27s+Free+5.0%2B+Running+Shoe,Nike Men's Free 5.0+ Running Shoe,99.98999786,0,7/16/2016 9:33,Standard Class
TRANSFER,2,1,62.38999939,191.9799957,Late delivery,1,9,Cardio Equipment,Caguas,Puerto Rico,7142,Home Office,PR,3,Footwear,Europe,Menton,Francia,7142,7/13/2017 10:58,63330,191,8.0,0.039999999,158344,99.98999786,0.330000013,2,199.9799957,191.9799957,62.38999939,Western Europe,Provenza-Alpes-Costa Azul,PROCESSING,191,9,,http://images.acmesports.sports/Nike+Men%27s+Free+5.0%2B+Running+Shoe,Nike Men's Free 5.0+ Running Shoe,99.98999786,0,7/15/2017 10:58,First Class
CASH,2,1,122.75,278.980011,Late delivery,1,43,Camping & Hiking,Caguas,Puerto Rico,5513,Corporate,PR,7,Fan Shop,Europe,Sheffield,Reino Unido,5513,7/14/2015 10:35,13321,957,21.0,0.07,33343,299.980011,0.439999998,1,299.980011,278.980011,122.75,Northern Europe,Inglaterra,CLOSED,957,43,,http://images.acmesports.sports/Diamondback+Women%27s+Serene+Classic+Comfort+Bike+2014,Diamondback Women's Serene Classic Comfort Bi,299.980011,0,7/16/2015 10:35,First Class
TRANSFER,5,4,17.57999992,278.9700012,Shipping canceled,0,9,Cardio Equipment,Caguas,Puerto Rico,2645,Home Office,PR,3,Footwear,USCA,Henderson,Estados Unidos,2645,7/14/2016 9:01,38389,191,21.0,0.07,95807,99.98999786,0.059999999,3,299.9700012,278.9700012,17.57999992,South of  USA ,Kentucky,SUSPECTED_FRAUD,191,9,,http://images.acmesports.sports/Nike+Men%27s+Free+5.0%2B+Running+Shoe,Nike Men's Free 5.0+ Running Shoe,99.98999786,0,7/19/2016 9:01,Standard Class
TRANSFER,5,4,46.97000122,173.9600067,Late delivery,1,29,Shop By Sport,Caguas,Puerto Rico,3437,Home Office,PR,5,Golf,Europe,Freiburg,Alemania,3437,7/15/2015 19:10,13414,627,25.98999977,0.129999995,33599,39.99000168,0.270000011,5,199.9499969,173.9600067,46.97000122,Western Europe,Baden-Wurtemberg,PENDING,627,29,,http://images.acmesports.sports/Under+Armour+Girls%27+Toddler+Spine+Surge+Running+Shoe,Under Armour Girls' Toddler Spine Surge Runni,39.99000168,0,7/20/2015 19:10,Standard Class
DEBIT,2,4,17.47999954,37.99000168,Advance shipping,0,29,Shop By Sport,Los Angeles,EE. UU.,4460,Consumer,CA,5,Golf,Europe,Mantes-la-Jolie,Francia,4460,7/15/2015 19:52,13416,627,2.0,0.050000001,33611,39.99000168,0.460000008,1,39.99000168,37.99000168,17.47999954,Western Europe,Isla de Francia,COMPLETE,627,29,,http://images.acmesports.sports/Under+Armour+Girls%27+Toddler+Spine+Surge+Running+Shoe,Under Armour Girls' Toddler Spine Surge Runni,39.99000168,0,7/17/2015 19:52,Standard Class
TRANSFER,3,4,74.0699997,151.1600037,Advance shipping,0,29,Shop By Sport,Caguas,Puerto Rico,10232,Corporate,PR,5,Golf,Europe,Berlín,Alemania,10232,7/15/2015 20:13,13417,627,8.800000191,0.059999999,33612,39.99000168,0.49000001,4,159.9600067,151.1600037,74.0699997,Western Europe,Berlín,PENDING,627,29,,http://images.acmesports.sports/Under+Armour+Girls%27+Toddler+Spine+Surge+Running+Shoe,Under Armour Girls' Toddler Spine Surge Runni,39.99000168,0,7/18/2015 20:13,Standard Class
DEBIT,2,4,32.43999863,95.95999908,Advance shipping,0,46,Indoor/Outdoor Games,Caguas,Puerto Rico,9260,Corporate,PR,7,Fan Shop,Europe,Naples,Italia,9260,7/15/2017 12:22,63471,1014,4.0,0.039999999,158656,49.97999954,0.340000004,2,99.95999908,95.95999908,32.43999863,Southern Europe,Campania,COMPLETE,1014,46,,http://images.acmesports.sports/O%27Brien+Men%27s+Neoprene+Life+Vest,O'Brien Men's Neoprene Life Vest,49.97999954,0,7/17/2017 12:22,Standard Class
DEBIT,6,4,58.08000183,165.9299927,Late delivery,1,46,Indoor/Outdoor Games,Seattle,EE. UU.,2526,Corporate,WA,7,Fan Shop,Europe,Cologne,Alemania,2526,7/15/2017 8:30,63460,1014,33.99000168,0.170000002,158639,49.97999954,0.349999994,4,199.9199982,165.9299927,58.08000183,Western Europe,Renania del Norte-Westfalia,COMPLETE,1014,46,,http://images.acmesports.sports/O%27Brien+Men%27s+Neoprene+Life+Vest,O'Brien Men's Neoprene Life Vest,49.97999954,0,7/21/2017 8:30,Standard Class
PAYMENT,5,4,94.63999939,363.980011,Late delivery,1,45,Fishing,Caguas,Puerto Rico,5464,Consumer,PR,7,Fan Shop,Europe,Alicante,España,5464,7/16/2017 15:41,63549,1004,36.0,0.090000004,158859,399.980011,0.25999999,1,399.980011,363.980011,94.63999939,Southern Europe,Valenciana,PENDING_PAYMENT,1004,45,,http://images.acmesports.sports/Field+%26+Stream+Sportsman+16+Gun+Fire+Safe,Field & Stream Sportsman 16 Gun Fire Safe,399.980011,0,7/21/2017 15:41,Standard Class
PAYMENT,3,4,-45.52999878,167.9900055,Advance shipping,0,48,Water Sports,Caguas,Puerto Rico,10163,Corporate,PR,7,Fan Shop,Europe,Birmingham,Reino Unido,10163,7/17/2015 23:01,13562,1073,32.0,0.159999996,33988,199.9900055,-0.270000011,1,199.9900055,167.9900055,-45.52999878,Northern Europe,Inglaterra,PENDING_PAYMENT,1073,48,,http://images.acmesports.sports/Pelican+Sunstream+100+Kayak,Pelican Sunstream 100 Kayak,199.9900055,0,7/20/2015 23:01,Standard Class
TRANSFER,2,1,15.26000023,135.0,Late delivery,1,24,Women's Apparel,Oxnard,EE. UU.,5616,Consumer,CA,5,Golf,Europe,Rome,Italia,5616,7/17/2015 4:27,13509,502,15.0,0.100000001,33857,50.0,0.109999999,3,150.0,135.0,15.26000023,Southern Europe,Lacio,PROCESSING,502,24,,http://images.acmesports.sports/Nike+Men%27s+Dri-FIT+Victory+Golf+Polo,Nike Men's Dri-FIT Victory Golf Polo,50.0,0,7/19/2015 4:27,First Class
DEBIT,3,4,19.20000076,192.0,Advance shipping,0,24,Women's Apparel,Richmond,EE. UU.,8941,Home Office,VA,5,Golf,USCA,Helena,Estados Unidos,8941,7/17/2016 1:08,38572,502,8.0,0.039999999,96266,50.0,0.100000001,4,200.0,192.0,19.20000076,West of USA ,Montana,COMPLETE,502,24,,http://images.acmesports.sports/Nike+Men%27s+Dri-FIT+Victory+Golf+Polo,Nike Men's Dri-FIT Victory Golf Polo,50.0,0,7/20/2016 1:08,Standard Class
DEBIT,5,2,-0.670000017,47.97999954,Late delivery,1,46,Indoor/Outdoor Games,Vista,EE. UU.,9237,Corporate,CA,7,Fan Shop,USCA,Lancaster,Estados Unidos,9237,7/17/2016 21:06,38629,1014,2.0,0.039999999,96424,49.97999954,-0.01,1,49.97999954,47.97999954,-0.670000017,East of USA,Pensilvania,COMPLETE,1014,46,,http://images.acmesports.sports/O%27Brien+Men%27s+Neoprene+Life+Vest,O'Brien Men's Neoprene Life Vest,49.97999954,0,7/22/2016 21:06,Second Class
TRANSFER,3,4,4.75,237.4100037,Advance shipping,0,46,Indoor/Outdoor Games,Ogden,EE. UU.,893,Consumer,UT,7,Fan Shop,USCA,New York City,Estados Unidos,893,7/17/2016 22:09,38632,1014,12.5,0.050000001,96433,49.97999954,0.02,5,249.8999939,237.4100037,4.75,East of USA,Nueva York,PROCESSING,1014,46,,http://images.acmesports.sports/O%27Brien+Men%27s+Neoprene+Life+Vest,O'Brien Men's Neoprene Life Vest,49.97999954,0,7/20/2016 22:09,Standard Class
PAYMENT,6,4,50.47999954,152.9700012,Late delivery,1,17,Cleats,Caguas,Puerto Rico,4459,Home Office,PR,4,Apparel,Europe,Bologna,Italia,4459,7/17/2017 11:18,63605,365,27.0,0.150000006,158987,59.99000168,0.330000013,3,179.9700012,152.9700012,50.47999954,Southern Europe,Emilia-Romaña,PENDING_PAYMENT,365,17,,http://images.acmesports.sports/Perfect+Fitness+Perfect+Rip+Deck,Perfect Fitness Perfect Rip Deck,59.99000168,0,7/23/2017 11:18,Standard Class
DEBIT,2,2,83.62999725,245.9799957,Shipping on time,0,43,Camping & Hiking,Algonquin,EE. UU.,3470,Home Office,IL,7,Fan Shop,Europe,Amiens,Francia,3470,7/18/2017 5:10,63656,957,54.0,0.180000007,159120,299.980011,0.340000004,1,299.980011,245.9799957,83.62999725,Western Europe,Norte-Paso de Calais-Picardía,ON_HOLD,957,43,,http://images.acmesports.sports/Diamondback+Women%27s+Serene+Classic+Comfort+Bike+2014,Diamondback Women's Serene Classic Comfort Bi,299.980011,0,7/20/2017 5:10,Second Class
TRANSFER,6,4,107.9599991,239.8999939,Shipping canceled,0,46,Indoor/Outdoor Games,San Diego,EE. UU.,11117,Consumer,CA,7,Fan Shop,Europe,Jena,Alemania,11117,7/19/2015 5:51,13650,1014,10.0,0.039999999,34201,49.97999954,0.449999988,5,249.8999939,239.8999939,107.9599991,Western Europe,Turingia,SUSPECTED_FRAUD,1014,46,,http://images.acmesports.sports/O%27Brien+Men%27s+Neoprene+Life+Vest,O'Brien Men's Neoprene Life Vest,49.97999954,0,7/25/2015 5:51,Standard Class
TRANSFER,4,4,19.60000038,391.980011,Shipping on time,0,45,Fishing,Caguas,Puerto Rico,1822,Home Office,PR,7,Fan Shop,Europe,Bilbao,España,1822,7/2/2015 13:45,12508,1004,8.0,0.02,31301,399.980011,0.050000001,1,399.980011,391.980011,19.60000038,Southern Europe,País Vasco,PROCESSING,1004,45,,http://images.acmesports.sports/Field+%26+Stream+Sportsman+16+Gun+Fire+Safe,Field & Stream Sportsman 16 Gun Fire Safe,399.980011,0,7/6/2015 13:45,Standard Class
TRANSFER,4,4,37.79999924,135.0,Shipping on time,0,24,Women's Apparel,Miami,EE. UU.,1646,Consumer,FL,5,Golf,USCA,Marion,Estados Unidos,1646,7/2/2016 12:53,37578,502,15.0,0.100000001,93788,50.0,0.280000001,3,150.0,135.0,37.79999924,East of USA,Ohio,PROCESSING,502,24,,http://images.acmesports.sports/Nike+Men%27s+Dri-FIT+Victory+Golf+Polo,Nike Men's Dri-FIT Victory Golf Polo,50.0,0,7/6/2016 12:53,Standard Class
DEBIT,6,2,-37.77999878,47.22999954,Late delivery,1,35,Golf Gloves,Fairfield,EE. UU.,6959,Consumer,OH,6,Outdoors,USCA,Denver,Estados Unidos,6959,7/20/2016 21:16,38835,778,2.75,0.059999999,96957,24.98999977,-0.800000012,2,49.97999954,47.22999954,-37.77999878,West of USA ,Colorado,COMPLETE,778,35,,http://images.acmesports.sports/Bag+Boy+Beverage+Holder,Bag Boy Beverage Holder,24.98999977,0,7/26/2016 21:16,Second Class
TRANSFER,5,4,75.25,156.7599945,Late delivery,1,35,Golf Gloves,Houston,EE. UU.,688,Consumer,TX,6,Outdoors,USCA,Chicago,Estados Unidos,688,7/21/2016 5:41,38859,771,3.200000048,0.02,97019,39.99000168,0.479999989,4,159.9600067,156.7599945,75.25,US Center ,Illinois,PENDING,771,35,,http://images.acmesports.sports/Clicgear+Rovic+Cooler+Bag,Clicgear Rovic Cooler Bag,39.99000168,0,7/26/2016 5:41,Standard Class
CASH,4,4,20.72999954,57.59000015,Shipping on time,0,17,Cleats,Caguas,Puerto Rico,6424,Corporate,PR,4,Apparel,Europe,Augsburg,Alemania,6424,7/22/2015 11:58,13873,365,2.400000095,0.039999999,34746,59.99000168,0.360000014,1,59.99000168,57.59000015,20.72999954,Western Europe,Bavaria,CLOSED,365,17,,http://images.acmesports.sports/Perfect+Fitness+Perfect+Rip+Deck,Perfect Fitness Perfect Rip Deck,59.99000168,0,7/26/2015 11:58,Standard Class
TRANSFER,2,2,168.9499969,383.980011,Shipping on time,0,45,Fishing,Miami,EE. UU.,10995,Corporate,FL,7,Fan Shop,Europe,Kotka,Finlandia,10995,7/22/2015 21:47,13901,1004,16.0,0.039999999,34802,399.980011,0.439999998,1,399.980011,383.980011,168.9499969,Northern Europe,Kymenlaakso,PENDING,1004,45,,http://images.acmesports.sports/Field+%26+Stream+Sportsman+16+Gun+Fire+Safe,Field & Stream Sportsman 16 Gun Fire Safe,399.980011,0,7/24/2015 21:47,Second Class
TRANSFER,5,4,56.11000061,165.9900055,Shipping canceled,0,48,Water Sports,New Orleans,EE. UU.,8508,Corporate,LA,7,Fan Shop,Europe,Gagny,Francia,8508,7/23/2015 7:35,13929,1073,34.0,0.170000002,34855,199.9900055,0.340000004,1,199.9900055,165.9900055,56.11000061,Western Europe,Isla de Francia,CANCELED,1073,48,,http://images.acmesports.sports/Pelican+Sunstream+100+Kayak,Pelican Sunstream 100 Kayak,199.9900055,0,7/28/2015 7:35,Standard Class
CASH,2,1,188.1499939,383.980011,Late delivery,1,45,Fishing,Chicago,EE. UU.,5270,Corporate,IL,7,Fan Shop,USCA,Cleveland,Estados Unidos,5270,7/23/2016 14:26,39021,1004,16.0,0.039999999,97413,399.980011,0.49000001,1,399.980011,383.980011,188.1499939,East of USA,Ohio,CLOSED,1004,45,,http://images.acmesports.sports/Field+%26+Stream+Sportsman+16+Gun+Fire+Safe,Field & Stream Sportsman 16 Gun Fire Safe,399.980011,0,7/25/2016 14:26,First Class
PAYMENT,1,0,-218.25,145.5,Late delivery,1,24,Women's Apparel,Caguas,Puerto Rico,6106,Home Office,PR,5,Golf,Europe,Rome,Italia,6106,7/23/2017 22:52,64049,502,4.5,0.029999999,160137,50.0,-1.5,3,150.0,145.5,-218.25,Southern Europe,Lacio,PENDING_PAYMENT,502,24,,http://images.acmesports.sports/Nike+Men%27s+Dri-FIT+Victory+Golf+Polo,Nike Men's Dri-FIT Victory Golf Polo,50.0,0,7/24/2017 10:52,Same Day
TRANSFER,3,4,8.390000343,23.98999977,Advance shipping,0,41,Trade-In,Caguas,Puerto Rico,11269,Consumer,PR,6,Outdoors,Europe,Halle,Alemania,11269,7/24/2015 19:41,14032,924,8.0,0.25,35120,15.98999977,0.349999994,2,31.97999954,23.98999977,8.390000343,Western Europe,Renania del Norte-Westfalia,PROCESSING,924,41,,http://images.acmesports.sports/Glove+It+Urban+Brick+Golf+Towel,Glove It Urban Brick Golf Towel,15.98999977,0,7/27/2015 19:41,Standard Class
TRANSFER,2,1,97.33000183,287.9500122,Late delivery,1,17,Cleats,Caguas,Puerto Rico,2119,Consumer,PR,4,Apparel,USCA,Las Vegas,Estados Unidos,2119,7/24/2016 14:58,39091,365,12.0,0.039999999,97575,59.99000168,0.340000004,5,299.9500122,287.9500122,97.33000183,West of USA ,Nevada,PROCESSING,365,17,,http://images.acmesports.sports/Perfect+Fitness+Perfect+Rip+Deck,Perfect Fitness Perfect Rip Deck,59.99000168,0,7/26/2016 14:58,First Class
DEBIT,2,4,199.1799927,414.9599915,Advance shipping,0,30,Men's Golf Clubs,Freeport,EE. UU.,7926,Consumer,NY,6,Outdoors,Europe,Arles,Francia,7926,7/24/2017 13:34,64091,646,84.98999786,0.170000002,160238,99.98999786,0.479999989,5,499.9500122,414.9599915,199.1799927,Western Europe,Provenza-Alpes-Costa Azul,ON_HOLD,646,30,,http://images.acmesports.sports/Merrell+Women%27s+Grassbow+Sport+Hiking+Shoe,Merrell Women's Grassbow Sport Hiking Shoe,99.98999786,0,7/26/2017 13:34,Standard Class
DEBIT,4,4,33.81000137,189.9199982,Shipping on time,0,46,Indoor/Outdoor Games,Fontana,EE. UU.,11282,Consumer,CA,7,Fan Shop,Europe,Le Mans,Francia,11282,7/26/2015 19:19,14168,1014,10.0,0.050000001,35464,49.97999954,0.180000007,4,199.9199982,189.9199982,33.81000137,Western Europe,Países del Loira,COMPLETE,1014,46,,http://images.acmesports.sports/O%27Brien+Men%27s+Neoprene+Life+Vest,O'Brien Men's Neoprene Life Vest,49.97999954,0,7/30/2015 19:19,Standard Class
TRANSFER,6,4,50.27999878,148.7599945,Late delivery,1,29,Shop By Sport,Caguas,Puerto Rico,1106,Consumer,PR,5,Golf,Europe,Nantes,Francia,1106,7/26/2017 3:46,64200,627,11.19999981,0.07,160511,39.99000168,0.340000004,4,159.9600067,148.7599945,50.27999878,Western Europe,Países del Loira,PENDING,627,29,,http://images.acmesports.sports/Under+Armour+Girls%27+Toddler+Spine+Surge+Running+Shoe,Under Armour Girls' Toddler Spine Surge Runni,39.99000168,0,8/1/2017 3:46,Standard Class
DEBIT,5,4,60.25,165.9900055,Late delivery,1,48,Water Sports,Sanford,EE. UU.,6879,Consumer,NC,7,Fan Shop,USCA,Denver,Estados Unidos,6879,7/27/2016 3:34,39264,1073,34.0,0.170000002,98022,199.9900055,0.360000014,1,199.9900055,165.9900055,60.25,West of USA ,Colorado,COMPLETE,1073,48,,http://images.acmesports.sports/Pelican+Sunstream+100+Kayak,Pelican Sunstream 100 Kayak,199.9900055,0,8/1/2016 3:34,Standard Class
DEBIT,0,0,95.01999664,263.9599915,Shipping on time,0,17,Cleats,Caguas,Puerto Rico,2155,Corporate,PR,4,Apparel,USCA,Clifton,Estados Unidos,2155,7/27/2016 8:49,39279,365,35.99000168,0.119999997,98062,59.99000168,0.360000014,5,299.9500122,263.9599915,95.01999664,East of USA,Nueva Jersey,COMPLETE,365,17,,http://images.acmesports.sports/Perfect+Fitness+Perfect+Rip+Deck,Perfect Fitness Perfect Rip Deck,59.99000168,0,7/27/2016 20:49,Same Day
DEBIT,4,4,-95.66000366,130.5,Shipping on time,0,24,Women's Apparel,Chicago,EE. UU.,2921,Consumer,IL,5,Golf,USCA,Los Angeles,Estados Unidos,2921,7/28/2016 10:45,39353,502,19.5,0.129999995,98249,50.0,-0.730000019,3,150.0,130.5,-95.66000366,West of USA ,California,COMPLETE,502,24,,http://images.acmesports.sports/Nike+Men%27s+Dri-FIT+Victory+Golf+Polo,Nike Men's Dri-FIT Victory Golf Polo,50.0,0,8/1/2016 10:45,Standard Class
CASH,3,2,79.79000092,227.9600067,Late delivery,1,17,Cleats,Bronx,EE. UU.,7558,Corporate,NY,4,Apparel,Europe,Pontivy,Francia,7558,7/28/2017 19:31,64382,365,12.0,0.050000001,160947,59.99000168,0.349999994,4,239.9600067,227.9600067,79.79000092,Western Europe,Bretaña,CLOSED,365,17,,http://images.acmesports.sports/Perfect+Fitness+Perfect+Rip+Deck,Perfect Fitness Perfect Rip Deck,59.99000168,0,7/31/2017 19:31,Second Class
TRANSFER,4,2,-38.04999924,217.4100037,Late delivery,1,46,Indoor/Outdoor Games,Berwyn,EE. UU.,11903,Consumer,IL,7,Fan Shop,Europe,Marseille,Francia,11903,7/3/2015 17:47,12588,1014,32.49000168,0.129999995,31505,49.97999954,-0.180000007,5,249.8999939,217.4100037,-38.04999924,Western Europe,Provenza-Alpes-Costa Azul,PENDING,1014,46,,http://images.acmesports.sports/O%27Brien+Men%27s+Neoprene+Life+Vest,O'Brien Men's Neoprene Life Vest,49.97999954,0,7/7/2015 17:47,Second Class
DEBIT,6,4,19.20000076,191.9900055,Late delivery,1,48,Water Sports,Normal,EE. UU.,3876,Consumer,IL,7,Fan Shop,USCA,Knoxville,Estados Unidos,3876,7/30/2016 12:30,39495,1073,8.0,0.039999999,98590,199.9900055,0.100000001,1,199.9900055,191.9900055,19.20000076,South of  USA ,Tennessee,ON_HOLD,1073,48,,http://images.acmesports.sports/Pelican+Sunstream+100+Kayak,Pelican Sunstream 100 Kayak,199.9900055,0,8/5/2016 12:30,Standard Class
TRANSFER,6,4,-23.86000061,211.1600037,Shipping canceled,0,17,Cleats,Los Angeles,EE. UU.,8963,Corporate,CA,4,Apparel,Europe,Albi,Francia,8963,7/31/2017 8:08,64555,365,28.79999924,0.119999997,161356,59.99000168,-0.109999999,4,239.9600067,211.1600037,-23.86000061,Western Europe,Languedoc-Rosellón-Mediodía-Pirineos,SUSPECTED_FRAUD,365,17,,http://images.acmesports.sports/Perfect+Fitness+Perfect+Rip+Deck,Perfect Fitness Perfect Rip Deck,59.99000168,0,8/6/2017 8:08,Standard Class
TRANSFER,2,4,-81.16999817,49.18999863,Advance shipping,0,17,Cleats,Mount Pleasant,EE. UU.,7286,Home Office,MI,4,Apparel,Europe,Paris,Francia,7286,7/4/2015 0:05,12606,365,10.80000019,0.180000007,31562,59.99000168,-1.649999976,1,59.99000168,49.18999863,-81.16999817,Western Europe,Isla de Francia,PENDING,365,17,,http://images.acmesports.sports/Perfect+Fitness+Perfect+Rip+Deck,Perfect Fitness Perfect Rip Deck,59.99000168,0,7/6/2015 0:05,Standard Class
PAYMENT,2,2,138.2299957,287.980011,Shipping on time,0,43,Camping & Hiking,Caguas,Puerto Rico,8380,Home Office,PR,7,Fan Shop,Europe,La Ciotat,Francia,8380,7/4/2015 1:50,12611,957,12.0,0.039999999,31573,299.980011,0.479999989,1,299.980011,287.980011,138.2299957,Western Europe,Provenza-Alpes-Costa Azul,PENDING_PAYMENT,957,43,,http://images.acmesports.sports/Diamondback+Women%27s+Serene+Classic+Comfort+Bike+2014,Diamondback Women's Serene Classic Comfort Bi,299.980011,0,7/6/2015 1:50,Second Class
PAYMENT,2,1,59.24000168,120.8899994,Late delivery,1,18,Men's Footwear,Chicago,EE. UU.,3459,Corporate,IL,4,Apparel,USCA,Concord,Estados Unidos,3459,7/4/2016 6:35,37697,403,9.100000381,0.07,94095,129.9900055,0.49000001,1,129.9900055,120.8899994,59.24000168,East of USA,Nuevo Hampshire,PENDING_PAYMENT,403,18,,http://images.acmesports.sports/Nike+Men%27s+CJ+Elite+2+TD+Football+Cleat,Nike Men's CJ Elite 2 TD Football Cleat,129.9900055,0,7/6/2016 6:35,First Class
TRANSFER,2,4,47.5,189.9799957,Advance shipping,0,5,Lacrosse,Caguas,Puerto Rico,3162,Consumer,PR,2,Fitness,Europe,Espoo,Finlandia,3162,7/4/2017 6:36,62701,78,10.0,0.050000001,156762,99.98999786,0.25,2,199.9799957,189.9799957,47.5,Northern Europe,Uusimaa,PROCESSING,78,5,,http://images.acmesports.sports/Nike+Kids%27+Grade+School+KD+VI+Basketball+Shoe,Nike Kids' Grade School KD VI Basketball Shoe,99.98999786,0,7/6/2017 6:36,Standard Class
PAYMENT,5,4,68.5699997,244.8999939,Late delivery,1,46,Indoor/Outdoor Games,Chicago,EE. UU.,10480,Home Office,IL,7,Fan Shop,Europe,London,Reino Unido,10480,7/5/2015 12:10,12709,1014,5.0,0.02,31807,49.97999954,0.280000001,5,249.8999939,244.8999939,68.5699997,Northern Europe,Inglaterra,PENDING_PAYMENT,1014,46,,http://images.acmesports.sports/O%27Brien+Men%27s+Neoprene+Life+Vest,O'Brien Men's Neoprene Life Vest,49.97999954,0,7/10/2015 12:10,Standard Class
DEBIT,5,2,1.799999952,180.0,Late delivery,1,24,Women's Apparel,Rancho Cordova,EE. UU.,4441,Home Office,CA,5,Golf,Europe,Estocolmo,Suecia,4441,7/5/2015 19:11,12729,502,20.0,0.100000001,31847,50.0,0.01,4,200.0,180.0,1.799999952,Northern Europe,Estocolmo,COMPLETE,502,24,,http://images.acmesports.sports/Nike+Men%27s+Dri-FIT+Victory+Golf+Polo,Nike Men's Dri-FIT Victory Golf Polo,50.0,0,7/10/2015 19:11,Second Class
CASH,3,4,2.019999981,100.7799988,Advance shipping,0,17,Cleats,Fort Lauderdale,EE. UU.,3523,Consumer,FL,4,Apparel,Europe,Bristol,Reino Unido,3523,7/6/2015 8:29,12767,365,19.20000076,0.159999996,31928,59.99000168,0.02,2,119.9800034,100.7799988,2.019999981,Northern Europe,Inglaterra,CLOSED,365,17,,http://images.acmesports.sports/Perfect+Fitness+Perfect+Rip+Deck,Perfect Fitness Perfect Rip Deck,59.99000168,0,7/9/2015 8:29,Standard Class
PAYMENT,2,2,68.87000275,196.7700043,Shipping on time,0,17,Cleats,Chicago,EE. UU.,3448,Consumer,IL,4,Apparel,USCA,Plainfield,Estados Unidos,3448,7/6/2016 19:32,37871,365,43.18999863,0.180000007,94527,59.99000168,0.349999994,4,239.9600067,196.7700043,68.87000275,East of USA,Nueva Jersey,PENDING_PAYMENT,365,17,,http://images.acmesports.sports/Perfect+Fitness+Perfect+Rip+Deck,Perfect Fitness Perfect Rip Deck,59.99000168,0,7/8/2016 19:32,Second Class
DEBIT,2,1,52.43999863,111.5699997,Late delivery,1,29,Shop By Sport,Caguas,Puerto Rico,6816,Corporate,PR,5,Golf,Europe,Hamburgo,Alemania,6816,7/7/2017 13:46,62927,627,8.399999619,0.07,157368,39.99000168,0.469999999,3,119.9700012,111.5699997,52.43999863,Western Europe,Hamburgo,COMPLETE,627,29,,http://images.acmesports.sports/Under+Armour+Girls%27+Toddler+Spine+Surge+Running+Shoe,Under Armour Girls' Toddler Spine Surge Runni,39.99000168,0,7/9/2017 13:46,First Class
DEBIT,3,4,31.10000038,107.9800034,Advance shipping,0,3,Baseball & Softball,El Centro,EE. UU.,2135,Home Office,CA,2,Fitness,USCA,Los Angeles,Estados Unidos,2135,7/8/2016 22:41,38017,44,12.0,0.100000001,94906,59.99000168,0.289999992,2,119.9800034,107.9800034,31.10000038,West of USA ,California,COMPLETE,44,3,,http://images.acmesports.sports/adidas+Men%27s+F10+Messi+TRX+FG+Soccer+Cleat,adidas Men's F10 Messi TRX FG Soccer Cleat,59.99000168,0,7/11/2016 22:41,Standard Class
DEBIT,4,4,-496.0899963,283.480011,Shipping on time,0,43,Camping & Hiking,Jackson,EE. UU.,2319,Corporate,MI,7,Fan Shop,Europe,Bielefeld,Alemania,2319,7/9/2015 8:40,12973,957,16.5,0.059999999,32444,299.980011,-1.75,1,299.980011,283.480011,-496.0899963,Western Europe,Renania del Norte-Westfalia,COMPLETE,957,43,,http://images.acmesports.sports/Diamondback+Women%27s+Serene+Classic+Comfort+Bike+2014,Diamondback Women's Serene Classic Comfort Bi,299.980011,0,7/13/2015 8:40,Standard Class
PAYMENT,2,4,31.79000092,120.8899994,Advance shipping,0,18,Men's Footwear,Kaneohe,EE. UU.,578,Consumer,HI,4,Apparel,USCA,Paterson,Estados Unidos,578,7/9/2016 10:36,38051,403,9.100000381,0.07,94991,129.9900055,0.25999999,1,129.9900055,120.8899994,31.79000092,East of USA,Nueva Jersey,PENDING_PAYMENT,403,18,,http://images.acmesports.sports/Nike+Men%27s+CJ+Elite+2+TD+Football+Cleat,Nike Men's CJ Elite 2 TD Football Cleat,129.9900055,0,7/11/2016 10:36,Standard Class
DEBIT,2,4,24.98999977,50.99000168,Advance shipping,0,17,Cleats,Cleveland,EE. UU.,5010,Home Office,OH,4,Apparel,Europe,Lund,Suecia,5010,8/1/2017 10:46,64631,365,9.0,0.150000006,161547,59.99000168,0.49000001,1,59.99000168,50.99000168,24.98999977,Northern Europe,Escania,COMPLETE,365,17,,http://images.acmesports.sports/Perfect+Fitness+Perfect+Rip+Deck,Perfect Fitness Perfect Rip Deck,59.99000168,0,8/3/2017 10:46,Standard Class
PAYMENT,6,4,97.01000214,197.9799957,Late delivery,1,9,Cardio Equipment,Caguas,Puerto Rico,2199,Corporate,PR,3,Footwear,Europe,Munich,Alemania,2199,8/10/2015 19:08,15195,191,2.0,0.01,38013,99.98999786,0.49000001,2,199.9799957,197.9799957,97.01000214,Western Europe,Bavaria,PENDING_PAYMENT,191,9,,http://images.acmesports.sports/Nike+Men%27s+Free+5.0%2B+Running+Shoe,Nike Men's Free 5.0+ Running Shoe,99.98999786,0,8/16/2015 19:08,Standard Class
TRANSFER,2,1,15.31000042,52.79999924,Late delivery,1,29,Shop By Sport,Caguas,Puerto Rico,11902,Corporate,PR,5,Golf,Europe,Neunkirchen,Alemania,11902,8/11/2015 22:48,15274,642,7.199999809,0.119999997,38193,30.0,0.289999992,2,60.0,52.79999924,15.31000042,Western Europe,Sarre,PROCESSING,642,29,,http://images.acmesports.sports/Columbia+Men%27s+PFG+Anchor+Tough+T-Shirt,Columbia Men's PFG Anchor Tough T-Shirt,30.0,0,8/13/2015 22:48,First Class
DEBIT,2,1,65.16999817,232.7599945,Late delivery,1,17,Cleats,Raleigh,EE. UU.,2919,Corporate,NC,4,Apparel,Europe,Leipzig,Alemania,2919,8/13/2015 23:09,15412,365,7.199999809,0.029999999,38534,59.99000168,0.280000001,4,239.9600067,232.7599945,65.16999817,Western Europe,Sajonia,COMPLETE,365,17,,http://images.acmesports.sports/Perfect+Fitness+Perfect+Rip+Deck,Perfect Fitness Perfect Rip Deck,59.99000168,0,8/15/2015 23:09,First Class
DEBIT,6,4,45.86000061,176.3699951,Late delivery,1,17,Cleats,Hanford,EE. UU.,9470,Consumer,CA,4,Apparel,USCA,Redmond,Estados Unidos,9470,8/13/2016 2:19,40425,365,3.599999905,0.02,100888,59.99000168,0.25999999,3,179.9700012,176.3699951,45.86000061,West of USA ,Oregón,COMPLETE,365,17,,http://images.acmesports.sports/Perfect+Fitness+Perfect+Rip+Deck,Perfect Fitness Perfect Rip Deck,59.99000168,0,8/19/2016 2:19,Standard Class
PAYMENT,6,2,-3.690000057,283.480011,Late delivery,1,43,Camping & Hiking,San Diego,EE. UU.,6060,Consumer,CA,7,Fan Shop,USCA,Detroit,Estados Unidos,6060,8/15/2016 1:37,40560,957,16.5,0.059999999,101198,299.980011,-0.01,1,299.980011,283.480011,-3.690000057,US Center ,Michigan,PENDING_PAYMENT,957,43,,http://images.acmesports.sports/Diamondback+Women%27s+Serene+Classic+Comfort+Bike+2014,Diamondback Women's Serene Classic Comfort Bi,299.980011,0,8/21/2016 1:37,Second Class
CASH,5,4,93.58999634,359.9599915,Late delivery,1,9,Cardio Equipment,Caguas,Puerto Rico,4431,Home Office,PR,3,Footwear,Europe,Northampton,Reino Unido,4431,8/16/2015 0:54,15554,191,40.0,0.100000001,38882,99.98999786,0.25999999,4,399.9599915,359.9599915,93.58999634,Northern Europe,Inglaterra,CLOSED,191,9,,http://images.acmesports.sports/Nike+Men%27s+Free+5.0%2B+Running+Shoe,Nike Men's Free 5.0+ Running Shoe,99.98999786,0,8/21/2015 0:54,Standard Class
TRANSFER,2,1,18.72999954,87.95999908,Late delivery,1,36,Golf Balls,Mesa,EE. UU.,1881,Home Office,AZ,6,Outdoors,USCA,Edmonds,Estados Unidos,1881,8/16/2016 0:02,40624,810,11.98999977,0.119999997,101355,19.98999977,0.209999993,5,99.94999695,87.95999908,18.72999954,West of USA ,Washington,PENDING,810,36,,http://images.acmesports.sports/Glove+It+Women%27s+Mod+Oval+Golf+Glove,Glove It Women's Mod Oval Golf Glove,19.98999977,0,8/18/2016 0:02,First Class
DEBIT,5,4,21.12000084,211.1600037,Late delivery,1,17,Cleats,Caguas,Puerto Rico,8233,Consumer,PR,4,Apparel,USCA,Los Angeles,Estados Unidos,8233,8/17/2016 19:50,40749,365,28.79999924,0.119999997,101673,59.99000168,0.100000001,4,239.9600067,211.1600037,21.12000084,West of USA ,California,COMPLETE,365,17,,http://images.acmesports.sports/Perfect+Fitness+Perfect+Rip+Deck,Perfect Fitness Perfect Rip Deck,59.99000168,0,8/22/2016 19:50,Standard Class
DEBIT,2,1,73.70999908,153.5599976,Late delivery,1,29,Shop By Sport,Caguas,Puerto Rico,11061,Corporate,PR,5,Golf,USCA,San Antonio,Estados Unidos,11061,8/19/2016 14:55,40872,627,6.400000095,0.039999999,102015,39.99000168,0.479999989,4,159.9600067,153.5599976,73.70999908,US Center ,Texas,COMPLETE,627,29,,http://images.acmesports.sports/Under+Armour+Girls%27+Toddler+Spine+Surge+Running+Shoe,Under Armour Girls' Toddler Spine Surge Runni,39.99000168,0,8/21/2016 14:55,First Class
DEBIT,6,4,35.27999878,104.3799973,Late delivery,1,17,Cleats,Caguas,Puerto Rico,8602,Home Office,PR,4,Apparel,Europe,Erlangen,Alemania,8602,8/2/2017 17:56,64720,365,15.60000038,0.129999995,161778,59.99000168,0.340000004,2,119.9800034,104.3799973,35.27999878,Western Europe,Bavaria,COMPLETE,365,17,,http://images.acmesports.sports/Perfect+Fitness+Perfect+Rip+Deck,Perfect Fitness Perfect Rip Deck,59.99000168,0,8/8/2017 17:56,Standard Class
DEBIT,2,1,6.820000172,272.9500122,Late delivery,1,17,Cleats,Littleton,EE. UU.,7277,Corporate,CO,4,Apparel,Europe,Vernon,Francia,7277,8/20/2017 2:51,65910,365,27.0,0.090000004,164707,59.99000168,0.029999999,5,299.9500122,272.9500122,6.820000172,Western Europe,Normandía,COMPLETE,365,17,,http://images.acmesports.sports/Perfect+Fitness+Perfect+Rip+Deck,Perfect Fitness Perfect Rip Deck,59.99000168,0,8/22/2017 2:51,First Class
TRANSFER,2,1,137.75,327.980011,Late delivery,1,45,Fishing,San Diego,EE. UU.,12025,Home Office,CA,7,Fan Shop,Europe,Amadora,Portugal,12025,8/22/2015 8:15,15986,1004,72.0,0.180000007,39949,399.980011,0.419999987,1,399.980011,327.980011,137.75,Southern Europe,Lisboa,PENDING,1004,45,,http://images.acmesports.sports/Field+%26+Stream+Sportsman+16+Gun+Fire+Safe,Field & Stream Sportsman 16 Gun Fire Safe,399.980011,0,8/24/2015 8:15,First Class
PAYMENT,1,0,-269.5899963,173.9299927,Late delivery,1,46,Indoor/Outdoor Games,Bountiful,EE. UU.,1403,Consumer,UT,7,Fan Shop,USCA,Houston,Estados Unidos,1403,8/22/2016 17:33,41085,1014,25.98999977,0.129999995,102574,49.97999954,-1.549999952,4,199.9199982,173.9299927,-269.5899963,US Center ,Texas,PENDING_PAYMENT,1014,46,,http://images.acmesports.sports/O%27Brien+Men%27s+Neoprene+Life+Vest,O'Brien Men's Neoprene Life Vest,49.97999954,0,8/23/2016 5:33,Same Day
PAYMENT,4,4,29.10000038,290.9700012,Shipping on time,0,9,Cardio Equipment,Martinsburg,EE. UU.,2954,Home Office,WV,3,Footwear,Europe,Munich,Alemania,2954,8/24/2017 13:00,66213,191,9.0,0.029999999,165519,99.98999786,0.100000001,3,299.9700012,290.9700012,29.10000038,Western Europe,Bavaria,PENDING_PAYMENT,191,9,,http://images.acmesports.sports/Nike+Men%27s+Free+5.0%2B+Running+Shoe,Nike Men's Free 5.0+ Running Shoe,99.98999786,0,8/28/2017 13:00,Standard Class
CASH,3,4,18.75,250.0,Advance shipping,0,24,Women's Apparel,Caguas,Puerto Rico,7035,Corporate,PR,5,Golf,Europe,Burnley,Reino Unido,7035,8/26/2015 5:26,16252,502,0.0,0.0,40589,50.0,0.079999998,5,250.0,250.0,18.75,Northern Europe,Inglaterra,CLOSED,502,24,,http://images.acmesports.sports/Nike+Men%27s+Dri-FIT+Victory+Golf+Polo,Nike Men's Dri-FIT Victory Golf Polo,50.0,0,8/29/2015 5:26,Standard Class
TRANSFER,6,4,72.52999878,278.9500122,Late delivery,1,17,Cleats,Chicago,EE. UU.,9542,Corporate,IL,4,Apparel,Europe,Saint-Malo,Francia,9542,8/26/2017 6:00,66330,365,21.0,0.07,165799,59.99000168,0.25999999,5,299.9500122,278.9500122,72.52999878,Western Europe,Bretaña,PROCESSING,365,17,,http://images.acmesports.sports/Perfect+Fitness+Perfect+Rip+Deck,Perfect Fitness Perfect Rip Deck,59.99000168,0,9/1/2017 6:00,Standard Class
DEBIT,5,4,11.47999954,40.97999954,Late delivery,1,46,Indoor/Outdoor Games,Plano,EE. UU.,5869,Home Office,TX,7,Fan Shop,Pacific Asia,Kozan,Turquía,5869,8/27/2016 14:34,41419,1014,9.0,0.180000007,103378,49.97999954,0.280000001,1,49.97999954,40.97999954,11.47999954,West Asia,Adana,ON_HOLD,1014,46,,http://images.acmesports.sports/O%27Brien+Men%27s+Neoprene+Life+Vest,O'Brien Men's Neoprene Life Vest,49.97999954,0,9/1/2016 14:34,Standard Class
TRANSFER,3,4,94.08000183,195.9900055,Advance shipping,0,48,Water Sports,Carol Stream,EE. UU.,222,Corporate,IL,7,Fan Shop,Europe,Oxford,Reino Unido,222,8/29/2015 5:16,16457,1073,4.0,0.02,41100,199.9900055,0.479999989,1,199.9900055,195.9900055,94.08000183,Northern Europe,Inglaterra,PROCESSING,1073,48,,http://images.acmesports.sports/Pelican+Sunstream+100+Kayak,Pelican Sunstream 100 Kayak,199.9900055,0,9/1/2015 5:16,Standard Class
DEBIT,6,2,50.31000137,116.9899979,Late delivery,1,18,Men's Footwear,Caguas,Puerto Rico,11332,Home Office,PR,4,Apparel,Europe,Aalst,Bélgica,11332,8/29/2017 19:50,66575,403,13.0,0.100000001,166406,129.9900055,0.430000007,1,129.9900055,116.9899979,50.31000137,Western Europe,Flanders Oriental,COMPLETE,403,18,,http://images.acmesports.sports/Nike+Men%27s+CJ+Elite+2+TD+Football+Cleat,Nike Men's CJ Elite 2 TD Football Cleat,129.9900055,0,9/4/2017 19:50,Second Class
TRANSFER,4,4,38.97999954,119.9499969,Shipping on time,0,46,Indoor/Outdoor Games,Caguas,Puerto Rico,10277,Consumer,PR,7,Fan Shop,USCA,Mesa,Estados Unidos,10277,8/3/2016 13:54,39773,1014,29.98999977,0.200000003,99241,49.97999954,0.330000013,3,149.9400024,119.9499969,38.97999954,West of USA ,Arizona,PROCESSING,1014,46,,http://images.acmesports.sports/O%27Brien+Men%27s+Neoprene+Life+Vest,O'Brien Men's Neoprene Life Vest,49.97999954,0,8/7/2016 13:54,Standard Class
DEBIT,2,1,95.58999634,212.4199982,Late delivery,1,46,Indoor/Outdoor Games,Caguas,Puerto Rico,4770,Corporate,PR,7,Fan Shop,Europe,Hanover,Alemania,4770,8/30/2015 0:32,16512,1014,37.49000168,0.150000006,41240,49.97999954,0.449999988,5,249.8999939,212.4199982,95.58999634,Western Europe,Baja Sajonia,COMPLETE,1014,46,,http://images.acmesports.sports/O%27Brien+Men%27s+Neoprene+Life+Vest,O'Brien Men's Neoprene Life Vest,49.97999954,0,9/1/2015 0:32,First Class
TRANSFER,2,1,78.0,299.9899902,Shipping canceled,0,45,Fishing,Las Vegas,EE. UU.,950,Home Office,NV,7,Fan Shop,Europe,Amsterdam,Países Bajos,950,8/30/2017 7:44,66609,1004,100.0,0.25,166499,399.980011,0.25999999,1,399.980011,299.9899902,78.0,Western Europe,Holanda Septentrional,SUSPECTED_FRAUD,1004,45,,http://images.acmesports.sports/Field+%26+Stream+Sportsman+16+Gun+Fire+Safe,Field & Stream Sportsman 16 Gun Fire Safe,399.980011,0,9/1/2017 7:44,First Class
PAYMENT,3,4,24.23999977,242.3999939,Advance shipping,0,46,Indoor/Outdoor Games,Elk Grove,EE. UU.,9161,Consumer,CA,7,Fan Shop,Europe,Pomezia,Italia,9161,8/31/2015 23:50,16647,1014,7.5,0.029999999,41602,49.97999954,0.100000001,5,249.8999939,242.3999939,24.23999977,Southern Europe,Lacio,PENDING_PAYMENT,1014,46,,http://images.acmesports.sports/O%27Brien+Men%27s+Neoprene+Life+Vest,O'Brien Men's Neoprene Life Vest,49.97999954,0,9/3/2015 23:50,Standard Class
PAYMENT,0,0,27.54999924,65.58000183,Shipping on time,0,29,Shop By Sport,Rancho Cucamonga,EE. UU.,4015,Consumer,CA,5,Golf,Europe,Lens,Francia,4015,8/31/2015 2:27,16586,627,14.39999962,0.180000007,41450,39.99000168,0.419999987,2,79.98000336,65.58000183,27.54999924,Western Europe,Norte-Paso de Calais-Picardía,PENDING_PAYMENT,627,29,,http://images.acmesports.sports/Under+Armour+Girls%27+Toddler+Spine+Surge+Running+Shoe,Under Armour Girls' Toddler Spine Surge Runni,39.99000168,0,8/31/2015 14:27,Same Day
TRANSFER,2,2,81.90000153,181.9900055,Shipping on time,0,48,Water Sports,Caguas,Puerto Rico,1809,Home Office,PR,7,Fan Shop,Europe,Boulogne-sur-Mer,Francia,1809,8/4/2017 12:20,64841,1073,18.0,0.090000004,162072,199.9900055,0.449999988,1,199.9900055,181.9900055,81.90000153,Western Europe,Norte-Paso de Calais-Picardía,PENDING,1073,48,,http://images.acmesports.sports/Pelican+Sunstream+100+Kayak,Pelican Sunstream 100 Kayak,199.9900055,0,8/6/2017 12:20,Second Class
CASH,2,1,17.95999908,49.47999954,Late delivery,1,46,Indoor/Outdoor Games,Las Vegas,EE. UU.,9977,Corporate,NV,7,Fan Shop,Europe,Gennevilliers,Francia,9977,8/4/2017 20:23,64864,1014,0.5,0.01,162142,49.97999954,0.360000014,1,49.97999954,49.47999954,17.95999908,Western Europe,Isla de Francia,CLOSED,1014,46,,http://images.acmesports.sports/O%27Brien+Men%27s+Neoprene+Life+Vest,O'Brien Men's Neoprene Life Vest,49.97999954,0,8/6/2017 20:23,First Class
TRANSFER,6,4,-63.65999985,83.0,Late delivery,1,24,Women's Apparel,Caguas,Puerto Rico,8960,Consumer,PR,5,Golf,Europe,Regensburg,Alemania,8960,8/5/2015 6:00,14815,502,17.0,0.170000002,37089,50.0,-0.769999981,2,100.0,83.0,-63.65999985,Western Europe,Bavaria,PROCESSING,502,24,,http://images.acmesports.sports/Nike+Men%27s+Dri-FIT+Victory+Golf+Polo,Nike Men's Dri-FIT Victory Golf Polo,50.0,0,8/11/2015 6:00,Standard Class
PAYMENT,5,4,97.63999939,278.980011,Late delivery,1,43,Camping & Hiking,Caguas,Puerto Rico,2903,Home Office,PR,7,Fan Shop,USCA,New York City,Estados Unidos,2903,8/5/2016 18:48,39924,957,21.0,0.07,99600,299.980011,0.349999994,1,299.980011,278.980011,97.63999939,East of USA,Nueva York,PENDING_PAYMENT,957,43,,http://images.acmesports.sports/Diamondback+Women%27s+Serene+Classic+Comfort+Bike+2014,Diamondback Women's Serene Classic Comfort Bi,299.980011,0,8/10/2016 18:48,Standard Class
PAYMENT,3,2,-288.9899902,169.9900055,Late delivery,1,48,Water Sports,Chicago,EE. UU.,5914,Consumer,IL,7,Fan Shop,Europe,Watford,Reino Unido,5914,8/5/2017 20:13,64932,1073,30.0,0.150000006,162320,199.9900055,-1.700000048,1,199.9900055,169.9900055,-288.9899902,Northern Europe,Inglaterra,PENDING_PAYMENT,1073,48,,http://images.acmesports.sports/Pelican+Sunstream+100+Kayak,Pelican Sunstream 100 Kayak,199.9900055,0,8/8/2017 20:13,Second Class
PAYMENT,5,2,34.65000153,123.7399979,Late delivery,1,2,Soccer,Caguas,Puerto Rico,9676,Corporate,PR,2,Fitness,Europe,Watford,Reino Unido,9676,8/5/2017 20:55,64934,19,1.25,0.01,162326,124.9899979,0.280000001,1,124.9899979,123.7399979,34.65000153,Northern Europe,Inglaterra,PENDING_PAYMENT,19,2,,http://images.acmesports.sports/Nike+Men%27s+Fingertrap+Max+Training+Shoe,Nike Men's Fingertrap Max Training Shoe,124.9899979,0,8/10/2017 20:55,Second Class
PAYMENT,4,4,-264.0,160.0,Shipping on time,0,24,Women's Apparel,Caguas,Puerto Rico,2088,Home Office,PR,5,Golf,Europe,Langenfeld,Alemania,2088,8/6/2017 1:49,64948,502,40.0,0.200000003,162369,50.0,-1.649999976,4,200.0,160.0,-264.0,Western Europe,Renania del Norte-Westfalia,PENDING_PAYMENT,502,24,,http://images.acmesports.sports/Nike+Men%27s+Dri-FIT+Victory+Golf+Polo,Nike Men's Dri-FIT Victory Golf Polo,50.0,0,8/10/2017 1:49,Standard Class
CASH,2,2,-5.630000114,193.9900055,Shipping on time,0,48,Water Sports,Caguas,Puerto Rico,11991,Consumer,PR,7,Fan Shop,Europe,Valladolid,España,11991,8/7/2015 21:24,14996,1073,6.0,0.029999999,37562,199.9900055,-0.029999999,1,199.9900055,193.9900055,-5.630000114,Southern Europe,Castilla y León,CLOSED,1073,48,,http://images.acmesports.sports/Pelican+Sunstream+100+Kayak,Pelican Sunstream 100 Kayak,199.9900055,0,8/9/2015 21:24,Second Class
DEBIT,2,1,44.99000168,179.9700012,Late delivery,1,17,Cleats,Aurora,EE. UU.,1559,Consumer,CO,4,Apparel,Europe,Lagny-sur-Marne,Francia,1559,9/1/2015 8:35,16672,365,0.0,0.0,41651,59.99000168,0.25,3,179.9700012,179.9700012,44.99000168,Western Europe,Isla de Francia,COMPLETE,365,17,,http://images.acmesports.sports/Perfect+Fitness+Perfect+Rip+Deck,Perfect Fitness Perfect Rip Deck,59.99000168,0,9/3/2015 8:35,First Class
DEBIT,6,4,23.90999985,195.9900055,Late delivery,1,48,Water Sports,Caguas,Puerto Rico,9885,Consumer,PR,7,Fan Shop,Europe,Mykolayiv,Ucrania,9885,9/1/2016 15:47,41765,1073,4.0,0.02,104259,199.9900055,0.119999997,1,199.9900055,195.9900055,23.90999985,Eastern Europe,Mykolayiv,COMPLETE,1073,48,,http://images.acmesports.sports/Pelican+Sunstream+100+Kayak,Pelican Sunstream 100 Kayak,199.9900055,0,9/7/2016 15:47,Standard Class
TRANSFER,5,4,92.26000214,272.9500122,Late delivery,1,17,Cleats,Bronx,EE. UU.,5492,Consumer,NY,4,Apparel,Africa,Kinshasa,República Democrática del Congo,5492,9/1/2016 1:25,41724,365,27.0,0.090000004,104170,59.99000168,0.340000004,5,299.9500122,272.9500122,92.26000214,Central Africa,Kinshasa,PROCESSING,365,17,,http://images.acmesports.sports/Perfect+Fitness+Perfect+Rip+Deck,Perfect Fitness Perfect Rip Deck,59.99000168,0,9/6/2016 1:25,Standard Class
TRANSFER,5,4,77.47000122,188.9499969,Shipping canceled,0,29,Shop By Sport,New York,EE. UU.,10577,Consumer,NY,5,Golf,Europe,Miramas,Francia,10577,9/1/2017 14:03,66764,627,11.0,0.059999999,166873,39.99000168,0.409999996,5,199.9499969,188.9499969,77.47000122,Western Europe,Provenza-Alpes-Costa Azul,CANCELED,627,29,,http://images.acmesports.sports/Under+Armour+Girls%27+Toddler+Spine+Surge+Running+Shoe,Under Armour Girls' Toddler Spine Surge Runni,39.99000168,0,9/6/2017 14:03,Standard Class
TRANSFER,4,4,118.8899994,409.9599915,Shipping on time,0,9,Cardio Equipment,Caguas,Puerto Rico,1871,Consumer,PR,3,Footwear,Europe,Palermo,Italia,1871,9/10/2015 6:39,17283,191,89.98999786,0.180000007,43208,99.98999786,0.289999992,5,499.9500122,409.9599915,118.8899994,Southern Europe,Sicilia,PROCESSING,191,9,,http://images.acmesports.sports/Nike+Men%27s+Free+5.0%2B+Running+Shoe,Nike Men's Free 5.0+ Running Shoe,99.98999786,0,9/14/2015 6:39,Standard Class
TRANSFER,6,4,36.18999863,124.7900009,Late delivery,1,18,Men's Footwear,Costa Mesa,EE. UU.,5876,Corporate,CA,4,Apparel,Europe,Reggio nell'Emilia,Italia,5876,9/10/2017 15:37,67385,403,5.199999809,0.039999999,168427,129.9900055,0.289999992,1,129.9900055,124.7900009,36.18999863,Southern Europe,Emilia-Romaña,PROCESSING,403,18,,http://images.acmesports.sports/Nike+Men%27s+CJ+Elite+2+TD+Football+Cleat,Nike Men's CJ Elite 2 TD Football Cleat,129.9900055,0,9/16/2017 15:37,Standard Class
TRANSFER,4,2,42.59999847,199.9799957,Late delivery,1,9,Cardio Equipment,Caguas,Puerto Rico,1720,Corporate,PR,3,Footwear,Europe,Corbeil-Essonnes,Francia,1720,9/11/2017 10:11,67438,191,0.0,0.0,168568,99.98999786,0.209999993,2,199.9799957,199.9799957,42.59999847,Western Europe,Isla de Francia,PROCESSING,191,9,,http://images.acmesports.sports/Nike+Men%27s+Free+5.0%2B+Running+Shoe,Nike Men's Free 5.0+ Running Shoe,99.98999786,0,9/15/2017 10:11,Second Class
PAYMENT,5,4,39.34000015,122.9499969,Late delivery,1,46,Indoor/Outdoor Games,Tempe,EE. UU.,3773,Consumer,AZ,7,Fan Shop,Europe,Fontainebleau,Francia,3773,9/11/2017 8:47,67434,1014,26.98999977,0.180000007,168554,49.97999954,0.319999993,3,149.9400024,122.9499969,39.34000015,Western Europe,Isla de Francia,PENDING_PAYMENT,1014,46,,http://images.acmesports.sports/O%27Brien+Men%27s+Neoprene+Life+Vest,O'Brien Men's Neoprene Life Vest,49.97999954,0,9/16/2017 8:47,Standard Class
DEBIT,3,2,20.14999962,95.95999908,Late delivery,1,46,Indoor/Outdoor Games,Caguas,Puerto Rico,5594,Home Office,PR,7,Fan Shop,Europe,Warsaw,Polonia,5594,9/12/2016 11:44,42507,1014,4.0,0.039999999,106119,49.97999954,0.209999993,2,99.95999908,95.95999908,20.14999962,Eastern Europe,Mazovia,COMPLETE,1014,46,,http://images.acmesports.sports/O%27Brien+Men%27s+Neoprene+Life+Vest,O'Brien Men's Neoprene Life Vest,49.97999954,0,9/15/2016 11:44,Second Class
DEBIT,5,4,14.68999958,195.9199982,Late delivery,1,46,Indoor/Outdoor Games,Norwalk,EE. UU.,11608,Consumer,CA,7,Fan Shop,Africa,Rabat,Marruecos,11608,9/12/2016 14:11,42514,1014,4.0,0.02,106132,49.97999954,0.079999998,4,199.9199982,195.9199982,14.68999958,North Africa,Rabat-Salé-Zemur-Zaer,ON_HOLD,1014,46,,http://images.acmesports.sports/O%27Brien+Men%27s+Neoprene+Life+Vest,O'Brien Men's Neoprene Life Vest,49.97999954,0,9/17/2016 14:11,Standard Class
CASH,6,4,-182.5,248.9799957,Late delivery,1,43,Camping & Hiking,Zanesville,EE. UU.,6740,Corporate,OH,7,Fan Shop,Europe,Zurich,Suiza,6740,9/13/2017 8:25,67570,957,51.0,0.170000002,168932,299.980011,-0.730000019,1,299.980011,248.9799957,-182.5,Western Europe,Zúrich,CLOSED,957,43,,http://images.acmesports.sports/Diamondback+Women%27s+Serene+Classic+Comfort+Bike+2014,Diamondback Women's Serene Classic Comfort Bi,299.980011,0,9/19/2017 8:25,Standard Class
DEBIT,2,4,27.62999916,58.79000092,Advance shipping,0,17,Cleats,Eugene,EE. UU.,8928,Consumer,OR,4,Apparel,Europe,Praga,República Checa,8928,9/14/2016 22:57,42676,365,1.200000048,0.02,106520,59.99000168,0.469999999,1,59.99000168,58.79000092,27.62999916,Eastern Europe,Praga,COMPLETE,365,17,,http://images.acmesports.sports/Perfect+Fitness+Perfect+Rip+Deck,Perfect Fitness Perfect Rip Deck,59.99000168,0,9/16/2016 22:57,Standard Class
PAYMENT,2,1,-11.85999966,38.38999939,Late delivery,1,29,Shop By Sport,Caguas,Puerto Rico,3341,Consumer,PR,5,Golf,Pacific Asia,Fasa,Irán,3341,9/14/2016 8:14,42634,627,1.600000024,0.039999999,106412,39.99000168,-0.310000002,1,39.99000168,38.38999939,-11.85999966,South Asia,Fars,PENDING_PAYMENT,627,29,,http://images.acmesports.sports/Under+Armour+Girls%27+Toddler+Spine+Surge+Running+Shoe,Under Armour Girls' Toddler Spine Surge Runni,39.99000168,0,9/16/2016 8:14,First Class
PAYMENT,0,0,33.06000137,173.9900055,Shipping on time,0,48,Water Sports,Caguas,Puerto Rico,5540,Corporate,PR,7,Fan Shop,Europe,Augsburg,Alemania,5540,9/15/2015 11:22,17639,1073,26.0,0.129999995,44083,199.9900055,0.189999998,1,199.9900055,173.9900055,33.06000137,Western Europe,Bavaria,PENDING_PAYMENT,1073,48,,http://images.acmesports.sports/Pelican+Sunstream+100+Kayak,Pelican Sunstream 100 Kayak,199.9900055,0,9/15/2015 23:22,Same Day
TRANSFER,4,2,36.61999893,116.9899979,Late delivery,1,18,Men's Footwear,Baytown,EE. UU.,2635,Consumer,TX,4,Apparel,Africa,Dakar,Senegal,2635,9/15/2016 10:09,42708,403,13.0,0.100000001,106593,129.9900055,0.310000002,1,129.9900055,116.9899979,36.61999893,West Africa,Dakar,PENDING,403,18,,http://images.acmesports.sports/Nike+Men%27s+CJ+Elite+2+TD+Football+Cleat,Nike Men's CJ Elite 2 TD Football Cleat,129.9900055,0,9/19/2016 10:09,Second Class
TRANSFER,2,4,37.43999863,319.980011,Advance shipping,0,45,Fishing,Columbia,EE. UU.,9577,Consumer,TN,7,Fan Shop,Europe,Noisy-le-Sec,Francia,9577,9/15/2017 4:34,67696,1004,80.0,0.200000003,169256,399.980011,0.119999997,1,399.980011,319.980011,37.43999863,Western Europe,Isla de Francia,PENDING,1004,45,,http://images.acmesports.sports/Field+%26+Stream+Sportsman+16+Gun+Fire+Safe,Field & Stream Sportsman 16 Gun Fire Safe,399.980011,0,9/17/2017 4:34,Standard Class
DEBIT,6,4,-83.23999786,124.7900009,Late delivery,1,18,Men's Footwear,Washington,EE. UU.,1099,Consumer,DC,4,Apparel,Europe,Kaunas,Lituania,1099,9/17/2016 15:25,42860,403,5.199999809,0.039999999,107027,129.9900055,-0.670000017,1,129.9900055,124.7900009,-83.23999786,Northern Europe,Kaunas,COMPLETE,403,18,,http://images.acmesports.sports/Nike+Men%27s+CJ+Elite+2+TD+Football+Cleat,Nike Men's CJ Elite 2 TD Football Cleat,129.9900055,0,9/23/2016 15:25,Standard Class
DEBIT,6,4,29.10000038,116.4000015,Late delivery,1,29,Shop By Sport,Las Vegas,EE. UU.,9552,Home Office,NV,5,Golf,Africa,East London,SudAfrica,9552,9/17/2016 22:25,42880,642,3.599999905,0.029999999,107079,30.0,0.25,4,120.0,116.4000015,29.10000038,Southern Africa,Cabo Oriental,COMPLETE,642,29,,http://images.acmesports.sports/Columbia+Men%27s+PFG+Anchor+Tough+T-Shirt,Columbia Men's PFG Anchor Tough T-Shirt,30.0,0,9/23/2016 22:25,Standard Class
DEBIT,5,4,63.24000168,186.0,Late delivery,1,24,Women's Apparel,Rock Hill,EE. UU.,6213,Corporate,SC,5,Golf,Pacific Asia,Medina,Arabia Saudí,6213,9/17/2016 9:48,42844,502,14.0,0.07,106983,50.0,0.340000004,4,200.0,186.0,63.24000168,West Asia,Medina,COMPLETE,502,24,,http://images.acmesports.sports/Nike+Men%27s+Dri-FIT+Victory+Golf+Polo,Nike Men's Dri-FIT Victory Golf Polo,50.0,0,9/22/2016 9:48,Standard Class
DEBIT,3,4,99.22000122,283.480011,Advance shipping,0,43,Camping & Hiking,Caguas,Puerto Rico,11169,Home Office,PR,7,Fan Shop,Europe,Zaanstad,Países Bajos,11169,9/17/2017 2:28,67827,957,16.5,0.059999999,169577,299.980011,0.349999994,1,299.980011,283.480011,99.22000122,Western Europe,Holanda Septentrional,COMPLETE,957,43,,http://images.acmesports.sports/Diamondback+Women%27s+Serene+Classic+Comfort+Bike+2014,Diamondback Women's Serene Classic Comfort Bi,299.980011,0,9/20/2017 2:28,Standard Class
PAYMENT,5,2,63.41999817,134.9499969,Late delivery,1,46,Indoor/Outdoor Games,Virginia Beach,EE. UU.,8806,Consumer,VA,7,Fan Shop,Europe,Reims,Francia,8806,9/17/2017 8:25,67844,1014,14.98999977,0.100000001,169618,49.97999954,0.469999999,3,149.9400024,134.9499969,63.41999817,Western Europe,Alsacia-Champaña-Ardenas-Lorena,PENDING_PAYMENT,1014,46,,http://images.acmesports.sports/O%27Brien+Men%27s+Neoprene+Life+Vest,O'Brien Men's Neoprene Life Vest,49.97999954,0,9/22/2017 8:25,Second Class
DEBIT,2,4,62.72000122,172.7700043,Advance shipping,0,17,Cleats,Dallas,EE. UU.,2195,Home Office,TX,4,Apparel,USCA,Ottawa,Canada,2195,9/19/2016 8:03,42976,365,7.199999809,0.039999999,107350,59.99000168,0.360000014,3,179.9700012,172.7700043,62.72000122,Canada,Ontario,COMPLETE,365,17,,http://images.acmesports.sports/Perfect+Fitness+Perfect+Rip+Deck,Perfect Fitness Perfect Rip Deck,59.99000168,0,9/21/2016 8:03,Standard Class
PAYMENT,6,4,34.65000153,99.0,Late delivery,1,24,Women's Apparel,Cleveland,EE. UU.,10258,Corporate,OH,5,Golf,Europe,Irkutsk,Rusia,10258,9/2/2016 16:18,41835,502,1.0,0.01,104432,50.0,0.349999994,2,100.0,99.0,34.65000153,Eastern Europe,Irkutsk,PENDING_PAYMENT,502,24,,http://images.acmesports.sports/Nike+Men%27s+Dri-FIT+Victory+Golf+Polo,Nike Men's Dri-FIT Victory Golf Polo,50.0,0,9/8/2016 16:18,Standard Class
PAYMENT,6,4,11.25,150.0,Late delivery,1,24,Women's Apparel,Caguas,Puerto Rico,3375,Consumer,PR,5,Golf,Europe,Langenfeld,Alemania,3375,9/2/2017 13:10,66830,502,0.0,0.0,167054,50.0,0.079999998,3,150.0,150.0,11.25,Western Europe,Renania del Norte-Westfalia,PENDING_PAYMENT,502,24,,http://images.acmesports.sports/Nike+Men%27s+Dri-FIT+Victory+Golf+Polo,Nike Men's Dri-FIT Victory Golf Polo,50.0,0,9/8/2017 13:10,Standard Class
CASH,5,4,-11.05000019,110.4899979,Late delivery,1,18,Men's Footwear,Caguas,Puerto Rico,9210,Corporate,PR,4,Apparel,Europe,Valencia,España,9210,9/22/2015 13:17,18124,403,19.5,0.150000006,45290,129.9900055,-0.100000001,1,129.9900055,110.4899979,-11.05000019,Southern Europe,Valenciana,CLOSED,403,18,,http://images.acmesports.sports/Nike+Men%27s+CJ+Elite+2+TD+Football+Cleat,Nike Men's CJ Elite 2 TD Football Cleat,129.9900055,0,9/27/2015 13:17,Standard Class
DEBIT,6,4,51.83000183,107.9700012,Late delivery,1,29,Shop By Sport,Corona,EE. UU.,159,Corporate,NY,5,Golf,Africa,Ibadan,Nigeria,159,9/22/2016 5:46,43175,627,12.0,0.100000001,107852,39.99000168,0.479999989,3,119.9700012,107.9700012,51.83000183,West Africa,Oyo,COMPLETE,627,29,,http://images.acmesports.sports/Under+Armour+Girls%27+Toddler+Spine+Surge+Running+Shoe,Under Armour Girls' Toddler Spine Surge Runni,39.99000168,0,9/28/2016 5:46,Standard Class
DEBIT,6,4,173.8699951,377.980011,Late delivery,1,45,Fishing,Chicago,EE. UU.,4738,Consumer,IL,7,Fan Shop,Europe,Le Cannet,Francia,4738,9/23/2015 5:24,18170,1004,22.0,0.059999999,45416,399.980011,0.460000008,1,399.980011,377.980011,173.8699951,Western Europe,Provenza-Alpes-Costa Azul,COMPLETE,1004,45,,http://images.acmesports.sports/Field+%26+Stream+Sportsman+16+Gun+Fire+Safe,Field & Stream Sportsman 16 Gun Fire Safe,399.980011,0,9/29/2015 5:24,Standard Class
PAYMENT,2,1,18.20000076,363.980011,Late delivery,1,45,Fishing,Cleveland,EE. UU.,11828,Corporate,OH,7,Fan Shop,Africa,Pretoria,SudAfrica,11828,9/24/2016 1:34,43300,1004,36.0,0.090000004,108171,399.980011,0.050000001,1,399.980011,363.980011,18.20000076,Southern Africa,Gauteng,PENDING_PAYMENT,1004,45,,http://images.acmesports.sports/Field+%26+Stream+Sportsman+16+Gun+Fire+Safe,Field & Stream Sportsman 16 Gun Fire Safe,399.980011,0,9/26/2016 1:34,First Class
TRANSFER,2,1,92.13999939,191.9700012,Late delivery,1,17,Cleats,Charlotte,EE. UU.,5756,Consumer,NC,4,Apparel,Africa,Yaounde,Camerún,5756,9/24/2016 3:40,43306,365,47.99000168,0.200000003,108184,59.99000168,0.479999989,4,239.9600067,191.9700012,92.13999939,Central Africa,Centro,PENDING,365,17,,http://images.acmesports.sports/Perfect+Fitness+Perfect+Rip+Deck,Perfect Fitness Perfect Rip Deck,59.99000168,0,9/26/2016 3:40,First Class
DEBIT,0,0,31.86000061,127.4499969,Shipping on time,0,46,Indoor/Outdoor Games,Caguas,Puerto Rico,7026,Corporate,PR,7,Fan Shop,Europe,Madrid,España,7026,9/26/2015 2:46,18368,1014,22.48999977,0.150000006,45900,49.97999954,0.25,3,149.9400024,127.4499969,31.86000061,Southern Europe,Madrid,ON_HOLD,1014,46,,http://images.acmesports.sports/O%27Brien+Men%27s+Neoprene+Life+Vest,O'Brien Men's Neoprene Life Vest,49.97999954,0,9/26/2015 14:46,Same Day
DEBIT,3,2,30.5699997,109.1900024,Late delivery,1,18,Men's Footwear,Moreno Valley,EE. UU.,1723,Consumer,CA,4,Apparel,Europe,Creil,Francia,1723,9/26/2015 7:40,18382,403,20.79999924,0.159999996,45948,129.9900055,0.280000001,1,129.9900055,109.1900024,30.5699997,Western Europe,Norte-Paso de Calais-Picardía,COMPLETE,403,18,,http://images.acmesports.sports/Nike+Men%27s+CJ+Elite+2+TD+Football+Cleat,Nike Men's CJ Elite 2 TD Football Cleat,129.9900055,0,9/29/2015 7:40,Second Class
CASH,3,4,28.43000031,227.4100037,Advance shipping,0,46,Indoor/Outdoor Games,Caguas,Puerto Rico,4967,Corporate,PR,7,Fan Shop,Europe,Praga,República Checa,4967,9/26/2016 5:04,43447,1014,22.48999977,0.090000004,108520,49.97999954,0.129999995,5,249.8999939,227.4100037,28.43000031,Eastern Europe,Praga,CLOSED,1014,46,,http://images.acmesports.sports/O%27Brien+Men%27s+Neoprene+Life+Vest,O'Brien Men's Neoprene Life Vest,49.97999954,0,9/29/2016 5:04,Standard Class
CASH,2,4,32.36000061,99.58000183,Advance shipping,0,17,Cleats,Brooklyn,EE. UU.,2019,Corporate,NY,4,Apparel,Europe,Berlín,Alemania,2019,9/27/2015 21:52,18491,365,20.39999962,0.170000002,46229,59.99000168,0.330000013,2,119.9800034,99.58000183,32.36000061,Western Europe,Berlín,CLOSED,365,17,,http://images.acmesports.sports/Perfect+Fitness+Perfect+Rip+Deck,Perfect Fitness Perfect Rip Deck,59.99000168,0,9/29/2015 21:52,Standard Class
PAYMENT,6,4,-19.55999947,120.0,Late delivery,1,24,Women's Apparel,Caguas,Puerto Rico,10013,Home Office,PR,5,Golf,Europe,Rennes,Francia,10013,9/29/2017 1:03,68645,502,30.0,0.200000003,171619,50.0,-0.159999996,3,150.0,120.0,-19.55999947,Western Europe,Bretaña,PENDING_PAYMENT,502,24,,http://images.acmesports.sports/Nike+Men%27s+Dri-FIT+Victory+Golf+Polo,Nike Men's Dri-FIT Victory Golf Polo,50.0,0,10/5/2017 1:03,Standard Class
TRANSFER,5,4,27.89999962,371.980011,Late delivery,1,45,Fishing,Caguas,Puerto Rico,11401,Consumer,PR,7,Fan Shop,Europe,Nice,Francia,11401,9/3/2015 17:20,16834,1004,28.0,0.07,42058,399.980011,0.079999998,1,399.980011,371.980011,27.89999962,Western Europe,Provenza-Alpes-Costa Azul,PROCESSING,1004,45,,http://images.acmesports.sports/Field+%26+Stream+Sportsman+16+Gun+Fire+Safe,Field & Stream Sportsman 16 Gun Fire Safe,399.980011,0,9/8/2015 17:20,Standard Class
DEBIT,0,0,15.60000038,47.99000168,Shipping on time,0,17,Cleats,Miami,EE. UU.,7022,Corporate,FL,4,Apparel,Europe,Munich,Alemania,7022,9/3/2015 9:59,16813,365,12.0,0.200000003,42019,59.99000168,0.330000013,1,59.99000168,47.99000168,15.60000038,Western Europe,Bavaria,COMPLETE,365,17,,http://images.acmesports.sports/Perfect+Fitness+Perfect+Rip+Deck,Perfect Fitness Perfect Rip Deck,59.99000168,0,9/3/2015 21:59,Same Day
DEBIT,2,1,-32.02999878,283.480011,Late delivery,1,43,Camping & Hiking,Summerville,EE. UU.,6927,Consumer,SC,7,Fan Shop,Europe,Great Yarmouth,Reino Unido,6927,9/30/2017 14:53,68753,957,16.5,0.059999999,171880,299.980011,-0.109999999,1,299.980011,283.480011,-32.02999878,Northern Europe,Inglaterra,COMPLETE,957,43,,http://images.acmesports.sports/Diamondback+Women%27s+Serene+Classic+Comfort+Bike+2014,Diamondback Women's Serene Classic Comfort Bi,299.980011,0,10/2/2017 14:53,First Class
CASH,2,1,31.79000092,120.8899994,Late delivery,1,18,Men's Footwear,Caguas,Puerto Rico,525,Consumer,PR,4,Apparel,Europe,Ajaccio,Francia,525,9/30/2017 15:56,68756,403,9.100000381,0.07,171890,129.9900055,0.25999999,1,129.9900055,120.8899994,31.79000092,Western Europe,Corse,CLOSED,403,18,,http://images.acmesports.sports/Nike+Men%27s+CJ+Elite+2+TD+Football+Cleat,Nike Men's CJ Elite 2 TD Football Cleat,129.9900055,0,10/2/2017 15:56,First Class
DEBIT,2,4,80.90000153,278.980011,Advance shipping,0,43,Camping & Hiking,Caguas,Puerto Rico,6416,Home Office,PR,7,Fan Shop,Europe,Bari,Italia,6416,9/4/2015 15:04,16896,957,21.0,0.07,42242,299.980011,0.289999992,1,299.980011,278.980011,80.90000153,Southern Europe,Apulia,COMPLETE,957,43,,http://images.acmesports.sports/Diamondback+Women%27s+Serene+Classic+Comfort+Bike+2014,Diamondback Women's Serene Classic Comfort Bi,299.980011,0,9/6/2015 15:04,Standard Class
TRANSFER,2,1,11.39999962,151.9600067,Shipping canceled,0,29,Shop By Sport,West Chester,EE. UU.,2504,Corporate,PA,5,Golf,USCA,Laval,Canada,2504,9/4/2016 16:18,41972,627,8.0,0.050000001,104773,39.99000168,0.079999998,4,159.9600067,151.9600067,11.39999962,Canada,Quebec,SUSPECTED_FRAUD,627,29,,http://images.acmesports.sports/Under+Armour+Girls%27+Toddler+Spine+Surge+Running+Shoe,Under Armour Girls' Toddler Spine Surge Runni,39.99000168,0,9/6/2016 16:18,First Class
TRANSFER,2,1,29.98999977,149.9400024,Late delivery,1,46,Indoor/Outdoor Games,Cypress,EE. UU.,1031,Corporate,CA,7,Fan Shop,Pacific Asia,Tiflis,Georgia,1031,9/4/2016 3:41,41936,1014,0.0,0.0,104685,49.97999954,0.200000003,3,149.9400024,149.9400024,29.98999977,West Asia,Tiflis,PROCESSING,1014,46,,http://images.acmesports.sports/O%27Brien+Men%27s+Neoprene+Life+Vest,O'Brien Men's Neoprene Life Vest,49.97999954,0,9/6/2016 3:41,First Class
DEBIT,2,2,-127.9100037,245.9799957,Shipping on time,0,9,Cardio Equipment,Olathe,EE. UU.,6615,Consumer,KS,3,Footwear,Europe,Erlangen,Alemania,6615,9/5/2017 15:05,67041,191,53.99000168,0.180000007,167596,99.98999786,-0.519999981,3,299.9700012,245.9799957,-127.9100037,Western Europe,Bavaria,COMPLETE,191,9,,http://images.acmesports.sports/Nike+Men%27s+Free+5.0%2B+Running+Shoe,Nike Men's Free 5.0+ Running Shoe,99.98999786,0,9/7/2017 15:05,Second Class
DEBIT,3,2,21.11000061,43.97999954,Late delivery,1,46,Indoor/Outdoor Games,Atlanta,EE. UU.,4421,Corporate,GA,7,Fan Shop,Europe,Helsinki,Finlandia,4421,9/6/2015 11:12,17022,1014,6.0,0.119999997,42564,49.97999954,0.479999989,1,49.97999954,43.97999954,21.11000061,Northern Europe,Uusimaa,COMPLETE,1014,46,,http://images.acmesports.sports/O%27Brien+Men%27s+Neoprene+Life+Vest,O'Brien Men's Neoprene Life Vest,49.97999954,0,9/9/2015 11:12,Second Class
DEBIT,0,0,116.1500015,319.980011,Shipping on time,0,45,Fishing,Olathe,EE. UU.,9417,Home Office,KS,7,Fan Shop,Europe,Vila Nova de Gaia,Portugal,9417,9/6/2015 1:24,16994,1004,80.0,0.200000003,42489,399.980011,0.360000014,1,399.980011,319.980011,116.1500015,Southern Europe,Porto,COMPLETE,1004,45,,http://images.acmesports.sports/Field+%26+Stream+Sportsman+16+Gun+Fire+Safe,Field & Stream Sportsman 16 Gun Fire Safe,399.980011,0,9/6/2015 13:24,Same Day
DEBIT,5,4,-21.36000061,188.9900055,Late delivery,1,48,Water Sports,Oxnard,EE. UU.,8064,Consumer,CA,7,Fan Shop,Europe,Veenendaal,Países Bajos,8064,9/6/2017 14:55,67109,1073,11.0,0.059999999,167755,199.9900055,-0.109999999,1,199.9900055,188.9900055,-21.36000061,Western Europe,Utrecht,COMPLETE,1073,48,,http://images.acmesports.sports/Pelican+Sunstream+100+Kayak,Pelican Sunstream 100 Kayak,199.9900055,0,9/11/2017 14:55,Standard Class
TRANSFER,5,4,103.4000015,220.0,Shipping canceled,0,24,Women's Apparel,Philadelphia,EE. UU.,2513,Consumer,PA,5,Golf,Europe,Barcelona,España,2513,9/7/2015 15:56,17104,502,30.0,0.119999997,42777,50.0,0.469999999,5,250.0,220.0,103.4000015,Southern Europe,Cataluña,SUSPECTED_FRAUD,502,24,,http://images.acmesports.sports/Nike+Men%27s+Dri-FIT+Victory+Golf+Polo,Nike Men's Dri-FIT Victory Golf Polo,50.0,0,9/12/2015 15:56,Standard Class
PAYMENT,3,4,51.15000153,104.3799973,Advance shipping,0,17,Cleats,Columbia,EE. UU.,1305,Consumer,SC,4,Apparel,Africa,Bulawayo,Zimbabue,1305,9/7/2016 14:22,42172,365,15.60000038,0.129999995,105316,59.99000168,0.49000001,2,119.9800034,104.3799973,51.15000153,East Africa,Bulawayo,PENDING_PAYMENT,365,17,,http://images.acmesports.sports/Perfect+Fitness+Perfect+Rip+Deck,Perfect Fitness Perfect Rip Deck,59.99000168,0,9/10/2016 14:22,Standard Class
DEBIT,3,4,-30.76000023,41.95999908,Advance shipping,0,35,Golf Gloves,Caguas,Puerto Rico,7165,Home Office,PR,6,Outdoors,Africa,Shagamu,Nigeria,7165,9/7/2016 17:52,42182,775,7.989999771,0.159999996,105336,9.989999771,-0.730000019,5,49.95000076,41.95999908,-30.76000023,West Africa,Ogun,ON_HOLD,775,35,,http://images.acmesports.sports/Clicgear+8.0+Shoe+Brush,Clicgear 8.0 Shoe Brush,9.989999771,0,9/10/2016 17:52,Standard Class
DEBIT,2,1,68.40000153,284.980011,Late delivery,1,43,Camping & Hiking,Caguas,Puerto Rico,3838,Consumer,PR,7,Fan Shop,Europe,Birmingham,Reino Unido,3838,9/8/2015 15:45,17172,957,15.0,0.050000001,42943,299.980011,0.239999995,1,299.980011,284.980011,68.40000153,Northern Europe,Inglaterra,COMPLETE,957,43,,http://images.acmesports.sports/Diamondback+Women%27s+Serene+Classic+Comfort+Bike+2014,Diamondback Women's Serene Classic Comfort Bi,299.980011,0,9/10/2015 15:45,First Class
DEBIT,2,2,43.15999985,165.9900055,Shipping on time,0,48,Water Sports,Caguas,Puerto Rico,1651,Corporate,PR,7,Fan Shop,Pacific Asia,Antalya,Turquía,1651,9/8/2016 14:33,42241,1073,34.0,0.170000002,105470,199.9900055,0.25999999,1,199.9900055,165.9900055,43.15999985,West Asia,Antalya,ON_HOLD,1073,48,,http://images.acmesports.sports/Pelican+Sunstream+100+Kayak,Pelican Sunstream 100 Kayak,199.9900055,0,9/10/2016 14:33,Second Class
TRANSFER,6,4,17.73999977,54.59000015,Late delivery,1,17,Cleats,Caguas,Puerto Rico,599,Corporate,PR,4,Apparel,USCA,Montréal,Canada,599,9/8/2016 22:57,42265,365,5.400000095,0.090000004,105527,59.99000168,0.330000013,1,59.99000168,54.59000015,17.73999977,Canada,Quebec,PENDING,365,17,,http://images.acmesports.sports/Perfect+Fitness+Perfect+Rip+Deck,Perfect Fitness Perfect Rip Deck,59.99000168,0,9/14/2016 22:57,Standard Class
CASH,6,4,31.54000092,100.7699966,Late delivery,1,3,Baseball & Softball,Chicago,EE. UU.,8663,Consumer,IL,2,Fitness,Africa,Thies Nones,Senegal,8663,9/8/2016 3:41,42210,37,4.199999809,0.039999999,105403,34.99000168,0.310000002,3,104.9700012,100.7699966,31.54000092,West Africa,Thiès,CLOSED,37,3,,http://images.acmesports.sports/adidas+Kids%27+F5+Messi+FG+Soccer+Cleat,adidas Kids' F5 Messi FG Soccer Cleat,34.99000168,0,9/14/2016 3:41,Standard Class
TRANSFER,2,4,54.0,199.9900055,Shipping canceled,0,48,Water Sports,Elmhurst,EE. UU.,9598,Home Office,IL,7,Fan Shop,Pacific Asia,Adana,Turquía,9598,9/8/2016 5:47,42216,1073,0.0,0.0,105419,199.9900055,0.270000011,1,199.9900055,199.9900055,54.0,West Asia,Adana,SUSPECTED_FRAUD,1073,48,,http://images.acmesports.sports/Pelican+Sunstream+100+Kayak,Pelican Sunstream 100 Kayak,199.9900055,0,9/10/2016 5:47,Standard Class
